benefit_id,card_id,row_type,benefit_group,benefit_title,benefit_summary,benefit_content,category,category_id,on_offline,region,benefit_type,benefit_value,benefit_unit,target_merchants,excluded_merchants,performance_level,performance_min,performance_max,min_amount,max_count,max_limit,max_limit_unit,updated_at
,ME4,주요혜택,M포인트 적립,기본 혜택,,국내외 가맹점,,,,,,,,,,,,,,,,,2026-04-22 01:55:47
,ME4,주요혜택,M포인트 적립,기본 혜택,,1.5% M포인트 적립,,,,,,,,,,,,,,,,,2026-04-22 01:55:47
,ME4,주요혜택,M포인트 적립,기본 혜택,,전월 이용 금액 50만원 이상 시,,,,,,,,,,,,,,,,,2026-04-22 01:55:47
,ME4,주요혜택,M포인트 적립,추가 혜택,,"온라인 쇼핑몰, 일반음식점, 해외 가맹점",,,,,,,,,,,,,,,,,2026-04-22 01:55:47
,ME4,주요혜택,M포인트 적립,추가 혜택,,5% M포인트 적립 (월 1만 M포인트 한도),,,,,,,,,,,,,,,,,2026-04-22 01:55:47
,ME4,주요혜택,M포인트 적립,추가 혜택,,전월 이용 금액 100만원 이상 시,,,,,,,,,,,,,,,,,2026-04-22 01:55:47
,ME4,주요혜택,우대 서비스,우대 서비스,,M 긴급적립(선지급 포인트 서비스),,,,,,,,,,,,,,,,,2026-04-22 01:55:47
,ME4,주요혜택,우대 서비스,우대 서비스,,최대 50만 M포인트 먼저 받아 사용하고 적립되는 M포인트로 상환,,,,,,,,,,,,,,,,,2026-04-22 01:55:47
,ME4,주요혜택,메탈 플레이트,메탈 플레이트,,M Metal,,,,,,,,,,,,,,,,,2026-04-22 01:55:47
,ME4,주요혜택,메탈 플레이트,메탈 플레이트,,차별화된 가치를 느낄 수 있는 메탈 플레이트 제공,,,,,,,,,,,,,,,,,2026-04-22 01:55:47
,ME4,주요혜택,메탈 플레이트,메탈 플레이트,,(2026. 1. 1 ~ 12. 31),,,,,,,,,,,,,,,,,2026-04-22 01:55:47
,ME4,주요혜택,M포인트 사용처,M포인트 사용,,일상 사용처,,,,,,,,,,,,,,,,,2026-04-22 01:55:47
,ME4,주요혜택,M포인트 사용처,M포인트 사용,,다양한 제휴 사용처에서 M포인트 사용,,,,,,,,,,,,,,,,,2026-04-22 01:55:47
,ME4,주요혜택,M포인트 사용처,M포인트 사용,,커피/베이커리,,,,,,,,,,,,,,,,,2026-04-22 01:55:47
,ME4,주요혜택,M포인트 사용처,M포인트 사용,,외식,,,,,,,,,,,,,,,,,2026-04-22 01:55:47
,ME4,주요혜택,M포인트 사용처,M포인트 사용,,쇼핑,,,,,,,,,,,,,,,,,2026-04-22 01:55:47
,ME4,주요혜택,M포인트 사용처,M포인트 사용,,여행/면세점,,,,,,,,,,,,,,,,,2026-04-22 01:55:47
,ME4,주요혜택,M포인트 사용처,M포인트 사용,,영화/음악,,,,,,,,,,,,,,,,,2026-04-22 01:55:47
,ME4,주요혜택,M포인트 사용처,M포인트 사용,,자동차,,,,,,,,,,,,,,,,,2026-04-22 01:55:47
,ME4,주요혜택,M포인트 사용처,M포인트 사용,,M몰,,,,,,,,,,,,,,,,,2026-04-22 01:55:47
,ME4,주요혜택,M포인트 사용처,M포인트 사용,,상품 구매 시 50~100% M포인트 사용,,,,,,,,,,,,,,,,,2026-04-22 01:55:47
,ME4,주요혜택,M포인트 사용처,M포인트 사용,,자동차 구매,,,,,,,,,,,,,,,,,2026-04-22 01:55:47
,ME4,주요혜택,M포인트 사용처,M포인트 사용,,현대자동차·기아 신차 구매 시 M포인트 사용,,,,,,,,,,,,,,,,,2026-04-22 01:55:47
,ME4,주요혜택,M포인트 사용처,M포인트 사용,,M포인트 교환,,,,,,,,,,,,,,,,,2026-04-22 01:55:47
,ME4,주요혜택,M포인트 사용처,M포인트 사용,,M포인트를 현금처럼 교환 사용,,,,,,,,,,,,,,,,,2026-04-22 01:55:47
,ME4,주요혜택,M포인트 사용처,M포인트 사용,,"제휴 포인트 교환처 및 연회비 결제, H-Coin 전환 등",,,,,,,,,,,,,,,,,2026-04-22 01:55:47
,ME4,상세혜택,M포인트 적립,기본 혜택,전월 이용 금액 50만원 이상 시 국내외 가맹점 1.5% M포인트 적립,전월 이용 금액 50만원 이상 시 국내외 가맹점 1.5% M포인트 적립,,,,,,,,,,,,,,,,,2026-04-22 01:55:49
,ME4,상세혜택,M포인트 적립,기본 혜택,전월 이용 금액 50만원 이상 시 국내외 가맹점 1.5% M포인트 적립,1회 및 연간 적립 한도 제한 없음,,,,,,,,,,,,,,,,,2026-04-22 01:55:49
,ME4,상세혜택,M포인트 적립,기본 혜택,전월 이용 금액 50만원 이상 시 국내외 가맹점 1.5% M포인트 적립,신규 발급 시 발급월 다음 달 이용 건까지는 전월 이용 금액 50만원 미만도 혜택 제공,,,,,,,,,,,,,,,,,2026-04-22 01:55:49
,ME4,상세혜택,M포인트 적립,기본 혜택,전월 이용 금액 50만원 이상 시 국내외 가맹점 1.5% M포인트 적립,국내외 가맹점은 현대카드 가맹점 등록 기준,,,,,,,,,,,,,,,,,2026-04-22 01:55:49
,ME4,상세혜택,M포인트 적립,추가 혜택,전월 이용 금액 100만원 이상 시온라인 쇼핑몰·일반음식점·해외 가맹점 5% 적립,전월 이용 금액 100만원 이상 시,,,,,,,,,,,,,,,,,2026-04-22 01:55:49
,ME4,상세혜택,M포인트 적립,추가 혜택,전월 이용 금액 100만원 이상 시온라인 쇼핑몰·일반음식점·해외 가맹점 5% 적립,온라인 쇼핑몰·일반음식점·해외 가맹점 5% 적립,,,,,,,,,,,,,,,,,2026-04-22 01:55:49
,ME4,상세혜택,M포인트 적립,추가 혜택,전월 이용 금액 100만원 이상 시온라인 쇼핑몰·일반음식점·해외 가맹점 5% 적립,대상점,,,,,,,,,,,,,,,,,2026-04-22 01:55:49
,ME4,상세혜택,M포인트 적립,추가 혜택,전월 이용 금액 100만원 이상 시온라인 쇼핑몰·일반음식점·해외 가맹점 5% 적립,"온라인 쇼핑몰 : 네이버쇼핑, 쿠팡, G마켓, 옥션, 11번가, SSG.COM, 컬리",,,,,,,,,,,,,,,,,2026-04-22 01:55:49
,ME4,상세혜택,M포인트 적립,추가 혜택,전월 이용 금액 100만원 이상 시온라인 쇼핑몰·일반음식점·해외 가맹점 5% 적립,일반음식점,,,,,,,,,,,,,,,,,2026-04-22 01:55:49
,ME4,상세혜택,M포인트 적립,추가 혜택,전월 이용 금액 100만원 이상 시온라인 쇼핑몰·일반음식점·해외 가맹점 5% 적립,해외 가맹점 : 해외 온·오프라인 가맹점,,,,,,,,,,,,,,,,,2026-04-22 01:55:49
,ME4,상세혜택,M포인트 적립,추가 혜택,,"대상점 통합해 월 1만 M포인트 적립 한도(본인+가족 카드 합산 기준, 적립 한도 초과 시 기본 혜택 적립률 적용)",,,,,,,,,,,,,,,,,2026-04-22 01:55:49
,ME4,상세혜택,M포인트 적립,추가 혜택,,신규 발급 시 발급월 다음 달 이용 건까지는 전월 이용 금액 100만원 미만도 혜택 제공,,,,,,,,,,,,,,,,,2026-04-22 01:55:49
,ME4,상세혜택,M포인트 적립,추가 혜택,,네이버쇼핑의 경우 네이버 도메인(naver.com)으로 확인되는 가맹점에 한해 적립,,,,,,,,,,,,,,,,,2026-04-22 01:55:49
,ME4,상세혜택,M포인트 적립,추가 혜택,,쿠팡의 경우 쿠팡이츠 결제 건은 적립 제외,,,,,,,,,,,,,,,,,2026-04-22 01:55:49
,ME4,상세혜택,M포인트 적립,추가 혜택,,"대상 온라인 쇼핑몰의 공식 홈페이지 및 앱 내 결제 건에 한해 적립 적용되며, 상품 선택 시 연결된 다른 사이트 및 앱에서 결제한 경우 적립 제외",,,,,,,,,,,,,,,,,2026-04-22 01:55:49
,ME4,유의사항,M포인트 적립,추가 혜택,공통 유의사항,공통 유의사항,,,,,,,,,,,,,,,,,2026-04-22 01:55:49
,ME4,유의사항,M포인트 적립,추가 혜택,공통 유의사항,추가 혜택 적용 시 기본 혜택은 중복 제공되지 않음,,,,,,,,,,,,,,,,,2026-04-22 01:55:49
,ME4,유의사항,M포인트 적립,추가 혜택,공통 유의사항,국제브랜드 수수료 및 해외서비스 수수료는 적립 제외,,,,,,,,,,,,,,,,,2026-04-22 01:55:49
,ME4,유의사항,M포인트 적립,추가 혜택,공통 유의사항,"해외 가맹점 이용 시 별도의 수수료가 부과되니, 국제브랜드 수수료 관련 자세한 내용은 상품 가이드북 ‘카드 이용 유의사항’ 참고",,,,,,,,,,,,,,,,,2026-04-22 01:55:49
,ME4,유의사항,M포인트 적립,추가 혜택,공통 유의사항,모든 가맹점은 현대카드 가맹점 등록 기준,,,,,,,,,,,,,,,,,2026-04-22 01:55:49
,ME4,유의사항,M포인트 적립,혜택 제공 기준,이용 금액 산정 기준,이용 금액 산정 기준,,,,,,,,,,,,,,,,,2026-04-22 01:55:49
,ME4,유의사항,M포인트 적립,혜택 제공 기준,이용 금액 산정 기준 - 전월 이용 금액 산정 기준,전월 이용 금액 산정 기준,,,,,,,,,,,,,,,,,2026-04-22 01:55:49
,ME4,유의사항,M포인트 적립,혜택 제공 기준,이용 금액 산정 기준 - 전월 이용 금액 산정 기준,전월 이용 금액은 전월 1일~말일까지 현대카드M(본인+가족 카드)의 일시불 및 할부 이용 금액임,,,,,,,,,,,,,,,,,2026-04-22 01:55:49
,ME4,유의사항,M포인트 적립,혜택 제공 기준,이용 금액 산정 기준 - 전월 이용 금액 산정 기준,"할부, 일부결제금액이월약정(리볼빙) 이용 시 최초 승인일 기준으로 해당월의 이용 금액에 포함",,,,,,,,,,,,,,,,,2026-04-22 01:55:49
,ME4,유의사항,M포인트 적립,혜택 제공 기준,이용 금액 산정 기준 - 전월 이용 금액 산정 기준,"전표매입 지연, 매출 취소의 경우 이용 금액이 달라질 수 있음",,,,,,,,,,,,,,,,,2026-04-22 01:55:49
,ME4,유의사항,M포인트 적립,혜택 제공 기준,이용 금액 산정 기준 - 전월 이용 금액 산정 기준,"매출 취소 시 취소 발생월이 아닌 승인월 이용 금액에서 제외되며, 취소 금액으로 전월 이용 금액 미충족 시 당월 적립 혜택 미제공",,,,,,,,,,,,,,,,,2026-04-22 01:55:49
,ME4,유의사항,M포인트 적립,혜택 제공 기준,이용 금액 산정 기준 - 전월 이용 금액 산정 기준,대중교통 등 사후 승인 가맹점 이용 금액과 해외 이용 금액은 매출일자 기준으로 해당월의 이용 금액에 포함,,,,,,,,,,,,,,,,,2026-04-22 01:55:49
,ME4,유의사항,M포인트 적립,혜택 제공 기준,이용 금액 산정 기준 - 전월 이용 금액 합산 제외 기준,전월 이용 금액 합산 제외 기준,,,,,,,,,,,,,,,,,2026-04-22 01:55:49
,ME4,유의사항,M포인트 적립,혜택 제공 기준,이용 금액 산정 기준 - 전월 이용 금액 합산 제외 기준,"장기카드대출(카드론), 단기카드대출(현금서비스), 연회비, 제수수료, 이자",,,,,,,,,,,,,,,,,2026-04-22 01:55:49
,ME4,유의사항,M포인트 적립,혜택 제공 기준,이용 금액 산정 기준 - 전월 이용 금액 합산 제외 기준,국제브랜드 수수료 및 해외서비스 수수료,,,,,,,,,,,,,,,,,2026-04-22 01:55:49
,ME4,유의사항,M포인트 적립,혜택 제공 기준,이용 금액 산정 기준 - 전월 이용 금액 합산 제외 기준,"공과금 납부액(국세, 관세, 지방세, 지방세외수입, 상하수도 요금, 벌과금, 과태료, 인지세, 송달료, 민원 발급 수수료 등 국가 또는 공공단체가 부과하는 부담금)",,,,,,,,,,,,,,,,,2026-04-22 01:55:49
,ME4,유의사항,M포인트 적립,혜택 제공 기준,이용 금액 산정 기준 - 전월 이용 금액 합산 제외 기준,상품권 등 현금성 유가증권 구매 및 선불 카드 구매·충전 금액,,,,,,,,,,,,,,,,,2026-04-22 01:55:49
,ME4,유의사항,M포인트 적립,혜택 제공 기준,이용 금액 산정 기준 - 전월 이용 금액 합산 제외 기준,"현대카드M 이용 금액만 인정되며, 그 외 모든 카드(현대카드M(구) 포함) 이용 금액은 합산 불가",,,,,,,,,,,,,,,,,2026-04-22 01:55:49
,ME4,유의사항,M포인트 적립,혜택 제공 기준,M포인트 적립 기준,M포인트 적립 기준,,,,,,,,,,,,,,,,,2026-04-22 01:55:49
,ME4,유의사항,M포인트 적립,혜택 제공 기준,M포인트 적립 기준 - 적립 대상,적립 대상,,,,,,,,,,,,,,,,,2026-04-22 01:55:49
,ME4,유의사항,M포인트 적립,혜택 제공 기준,M포인트 적립 기준 - 적립 대상,국내외에서 이용한 모든 물품 구매 및 서비스 이용 대금의 입금액,,,,,,,,,,,,,,,,,2026-04-22 01:55:49
,ME4,유의사항,M포인트 적립,혜택 제공 기준,M포인트 적립 기준 - 적립 대상,기본 혜택 및 추가 혜택 적립의 경우 매출 건별로 소수점 이하 반올림 후 적립,,,,,,,,,,,,,,,,,2026-04-22 01:55:49
,ME4,유의사항,M포인트 적립,혜택 제공 기준,M포인트 적립 기준 - 적립 대상,"예시 : 기본 혜택 대상점인 국내외 가맹점에서 현대카드M으로 4,639원 결제 시 70 M포인트 적립",,,,,,,,,,,,,,,,,2026-04-22 01:55:49
,ME4,유의사항,M포인트 적립,혜택 제공 기준,M포인트 적립 기준 - 적립 대상,"(4,639 x 1.5% = 69.58의 소수점 이하 반올림)",,,,,,,,,,,,,,,,,2026-04-22 01:55:49
,ME4,유의사항,M포인트 적립,혜택 제공 기준,M포인트 적립 기준 - 적립 제외 기준,적립 제외 기준,,,,,,,,,,,,,,,,,2026-04-22 01:55:49
,ME4,유의사항,M포인트 적립,혜택 제공 기준,M포인트 적립 기준 - 적립 제외 기준,"장기카드대출(카드론), 단기카드대출(현금서비스), 연회비, 제수수료, 이자",,,,,,,,,,,,,,,,,2026-04-22 01:55:49
,ME4,유의사항,M포인트 적립,혜택 제공 기준,M포인트 적립 기준 - 적립 제외 기준,국제브랜드 수수료 및 해외서비스 수수료,,,,,,,,,,,,,,,,,2026-04-22 01:55:49
,ME4,유의사항,M포인트 적립,혜택 제공 기준,M포인트 적립 기준 - 적립 제외 기준,"공과금 납부액(국세, 관세, 지방세, 지방세외수입, 상하수도 요금, 벌과금, 과태료, 인지세, 송달료, 민원 발급 수수료 등 국가 또는 공공단체가 부과하는 부담금)",,,,,,,,,,,,,,,,,2026-04-22 01:55:49
,ME4,유의사항,M포인트 적립,혜택 제공 기준,M포인트 적립 기준 - 적립 제외 기준,"전기 요금, 도시가스 요금, 아파트 관리비, 자동납부서비스 이용 수수료",,,,,,,,,,,,,,,,,2026-04-22 01:55:49
,ME4,유의사항,M포인트 적립,혜택 제공 기준,M포인트 적립 기준 - 적립 제외 기준,"사립유치원 교육비 납입금, 초·중·고교 학교 납입금, 대학·대학원 등록금 납부 결제건",,,,,,,,,,,,,,,,,2026-04-22 01:55:49
,ME4,유의사항,M포인트 적립,혜택 제공 기준,M포인트 적립 기준 - 적립 제외 기준,상품권 등 현금성 유가증권 구매 및 선불 카드 구매·충전 금액,,,,,,,,,,,,,,,,,2026-04-22 01:55:49
,ME4,유의사항,M포인트 적립,혜택 제공 기준,M포인트 적립 기준 - 적립 제외 기준,"건강보험, 국민연금, 고용보험, 산재보험 및 장애인 고용 부담금",,,,,,,,,,,,,,,,,2026-04-22 01:55:49
,ME4,유의사항,M포인트 적립,혜택 제공 기준,M포인트 적립 기준 - 적립 제외 기준,"고속도로 통행 요금, 후불하이패스 카드 이용 금액, 고속버스(차내 단말기 및 고속버스 앱 결제 포함)",,,,,,,,,,,,,,,,,2026-04-22 01:55:49
,ME4,유의사항,M포인트 적립,혜택 제공 기준,M포인트 적립 기준 - 적립 제외 기준,현대카드의 모든 할인 서비스 및 무이자 할부 이용 금액,,,,,,,,,,,,,,,,,2026-04-22 01:55:49
,ME4,유의사항,M포인트 적립,혜택 제공 기준,M포인트 적립 기준 - 적립 시기,적립 시기,,,,,,,,,,,,,,,,,2026-04-22 01:55:49
,ME4,유의사항,M포인트 적립,혜택 제공 기준,M포인트 적립 기준 - 적립 시기,이용 대금 결제일 또는 입금 완료된 날로부터 2~10일 이내 적립,,,,,,,,,,,,,,,,,2026-04-22 01:55:49
,ME4,유의사항,M포인트 적립,혜택 제공 기준,M포인트 적립 기준 - 적립 시기,"선입금하는 경우, 입금 완료된 날로부터 2~10일 이내 적립",,,,,,,,,,,,,,,,,2026-04-22 01:55:49
,ME4,유의사항,M포인트 적립,혜택 제공 기준,M포인트 적립 기준 - 적립 시기,연체 대금 입금액에 대한 M포인트는 입금 완료된 날로부터 10일 이후 확인 가능,,,,,,,,,,,,,,,,,2026-04-22 01:55:49
,ME4,유의사항,M포인트 적립,혜택 제공 기준,M포인트 적립 기준 - 유효 기간,유효 기간,,,,,,,,,,,,,,,,,2026-04-22 01:55:49
,ME4,유의사항,M포인트 적립,혜택 제공 기준,M포인트 적립 기준 - 유효 기간,최초 M포인트 적립월로부터 60개월(5년)간 유효,,,,,,,,,,,,,,,,,2026-04-22 01:55:49
,ME4,유의사항,M포인트 적립,혜택 제공 기준,M포인트 적립 기준 - 유효 기간,미사용한 M포인트는 적립 60개월 경과 후 첫 일요일에 선입선출에 의거 월 단위로 자동 소멸,,,,,,,,,,,,,,,,,2026-04-22 01:55:49
,ME4,유의사항,M포인트 적립,혜택 제공 기준,M포인트 적립 기준 - 유효 기간,유효 기간은 이용대금명세서 및 현대카드 홈페이지 내 명시,,,,,,,,,,,,,,,,,2026-04-22 01:55:49
,ME4,유의사항,M포인트 적립,혜택 제공 기준,M포인트 적립 기준 - 적립 관리 기준,적립 관리 기준,,,,,,,,,,,,,,,,,2026-04-22 01:55:49
,ME4,유의사항,M포인트 적립,혜택 제공 기준,M포인트 적립 기준 - 적립 관리 기준,"카드 보유한 본인 회원, 가족 회원 기준으로 적립 및 사용됨",,,,,,,,,,,,,,,,,2026-04-22 01:55:49
,ME4,유의사항,M포인트 적립,혜택 제공 기준,M포인트 적립 기준 - 적립 관리 기준,"M포인트 적립카드 2종 이상 보유 시, 각 카드별 적립 대상 금액에 따라 M포인트 산정되며,",,,,,,,,,,,,,,,,,2026-04-22 01:55:49
,ME4,유의사항,M포인트 적립,혜택 제공 기준,M포인트 적립 기준 - 적립 관리 기준,"카드 보유한 본인 회원, 가족 회원 기준으로 통합됨",,,,,,,,,,,,,,,,,2026-04-22 01:55:49
,ME4,유의사항,M포인트 적립,혜택 제공 기준,M포인트 적립 기준 - 적립 관리 기준,가족 카드 이용 시 본인 회원과 가족 회원 각각 별도 적립,,,,,,,,,,,,,,,,,2026-04-22 01:55:49
,ME4,유의사항,M포인트 적립,혜택 제공 기준,M포인트 적립 기준 - 기타 기준,기타 기준,,,,,,,,,,,,,,,,,2026-04-22 01:55:49
,ME4,유의사항,M포인트 적립,혜택 제공 기준,M포인트 적립 기준 - 기타 기준,부분 입금 및 결제일 이후 연체 금액 입금 시 M포인트 적립,,,,,,,,,,,,,,,,,2026-04-22 01:55:49
,ME4,유의사항,M포인트 적립,혜택 제공 기준,M포인트 적립 기준 - 기타 기준,"부분 입금 시 입금 공제 순서에 따라 입금 인정되며, 입금 인정된 금액에 한하여 M포인트 적립",,,,,,,,,,,,,,,,,2026-04-22 01:55:49
,ME4,유의사항,M포인트 적립,혜택 제공 기준,M포인트 적립 기준 - 기타 기준,부분 무이자 할부 이용 시 수수료 납부 개월에 대한 이용 금액에 한해 M포인트 적립,,,,,,,,,,,,,,,,,2026-04-22 01:55:49
,ME4,유의사항,M포인트 적립,혜택 제공 기준,M포인트 적립 기준 - 기타 기준,"세이브-오토(선지급 포인트 서비스) 등 별도 약정 서비스를 이용하는 경우, 기본 혜택 및 추가 혜택은 해당 서비스의 적립 기준 적용",,,,,,,,,,,,,,,,,2026-04-22 01:55:49
,ME4,유의사항,M포인트 적립,혜택 제공 기준,M포인트 적립 기준 - 기타 기준,"혜택 적용된 결제 건을 월 적립 한도 초과 후 취소할 경우, 한도 초과로 혜택이 적용되지 않은 이전 결제 건에 대해 다음 달 15일경 혜택 적용(월 적립 한도 이내)",,,,,,,,,,,,,,,,,2026-04-22 01:55:49
,ME4,유의사항,M포인트 적립,혜택 제공 기준,M포인트 적립 기준 - M포인트 조회,M포인트 조회,,,,,,,,,,,,,,,,,2026-04-22 01:55:49
,ME4,유의사항,M포인트 적립,혜택 제공 기준,M포인트 적립 기준 - M포인트 조회,홈페이지 &gt; 혜택 &gt; 나만의 혜택 &gt; 보유 포인트,,,,,,,,,,,,,,,,,2026-04-22 01:55:49
,ME4,유의사항,M포인트 적립,혜택 제공 기준,M포인트 적립 기준 - M포인트 조회,앱 &gt; 메뉴(좌측 상단) &gt; 나만의 혜택 &gt; 보유 포인트,,,,,,,,,,,,,,,,,2026-04-22 01:55:49
,ME4,유의사항,M포인트 적립,혜택 제공 기준,M포인트 적립 기준 - M포인트 조회,고객센터 1577-6000,,,,,,,,,,,,,,,,,2026-04-22 01:55:49
,ME4,유의사항,M포인트 적립,혜택 제공 기준,M포인트 적립 기준 - 유의사항,유의사항,,,,,,,,,,,,,,,,,2026-04-22 01:55:49
,ME4,유의사항,M포인트 적립,혜택 제공 기준,M포인트 적립 기준 - 유의사항,"현대카드 모든 할인 서비스 및 무이자 할부 이용 금액은 M포인트 적립 제외되며, 자세한 내용은 '혜택 제공 기준' 참고",,,,,,,,,,,,,,,,,2026-04-22 01:55:49
,ME4,유의사항,M포인트 적립,혜택 제공 기준,M포인트 적립 기준 - 유의사항,"가맹점 사정에 따라 일부 가맹점의 경우 현대카드와 가맹점 계약 체결이 없을 수 있으며, 이 경우에도 [가맹점 공동 이용제도]에 따라 회원에 대한 거래 승인을 일반 가맹점과 동일한 방법으로 신용카드 조회기를 이용하여 거래 승인 가능",,,,,,,,,,,,,,,,,2026-04-22 01:55:49
,ME4,유의사항,M포인트 적립,혜택 제공 기준,M포인트 적립 기준 - 유의사항,공동가맹점 이용 제도 : 여러 신용카드 가맹점에 가입하지 않고 1개 이상의 카드사에만 가맹점으로 가입하면 국내에서 발행된 모든 신용카드에 대하여 신용판매할 수 있는 제도,,,,,,,,,,,,,,,,,2026-04-22 01:55:49
,ME4,상세혜택,우대 서비스,M 긴급적립(선지급 포인트 서비스),,최대 50만 M포인트 먼저 받아 사용하고 카드 이용하며 적립되는 M포인트로 상환,,,,,,,,,,,,,,,,,2026-04-22 01:55:49
,ME4,상세혜택,우대 서비스,M 긴급적립(선지급 포인트 서비스),,이용 방법,,,,,,,,,,,,,,,,,2026-04-22 01:55:49
,ME4,상세혜택,우대 서비스,M 긴급적립(선지급 포인트 서비스),,Step 1. 현대카드 앱에서 'M 긴급적립' 선택,,,,,,,,,,,,,,,,,2026-04-22 01:55:49
,ME4,상세혜택,우대 서비스,M 긴급적립(선지급 포인트 서비스),,Step 2. 최대 50만까지 10만 단위로 M포인트 적립,,,,,,,,,,,,,,,,,2026-04-22 01:55:49
,ME4,상세혜택,우대 서비스,M 긴급적립(선지급 포인트 서비스),,Step 3. 적립된 M포인트 사용,,,,,,,,,,,,,,,,,2026-04-22 01:55:49
,ME4,상세혜택,우대 서비스,M 긴급적립(선지급 포인트 서비스),,Step 4. 현대카드M의 기본 혜택 및 추가 혜택으로 매달 적립되는 M포인트로 최대 24개월 동안 상환,,,,,,,,,,,,,,,,,2026-04-22 01:55:49
,ME4,상세혜택,우대 서비스,M 긴급적립(선지급 포인트 서비스),,상환되지 못한 긴급적립 M포인트가 남아있을 경우 별도 현금 청구,,,,,,,,,,,,,,,,,2026-04-22 01:55:49
,ME4,상세혜택,우대 서비스,M 긴급적립(선지급 포인트 서비스),,(보유한 M포인트로 우선 상환 후 잔액은 1 M포인트 = 1원으로 환산하여 청구),,,,,,,,,,,,,,,,,2026-04-22 01:55:49
,ME4,상세혜택,우대 서비스,M 긴급적립(선지급 포인트 서비스),,M 긴급적립(선지급 포인트 서비스) 및 M포인트 사용과 상환에 대한,,,,,,,,,,,,,,,,,2026-04-22 01:55:49
,ME4,상세혜택,우대 서비스,M 긴급적립(선지급 포인트 서비스),,자세한 내용은 해당 약관 및 ‘현대카드 앱 &gt; M 긴급적립’ 참고,,,,,,,,,,,,,,,,,2026-04-22 01:55:49
,ME4,상세혜택,우대 서비스,M 긴급적립(선지급 포인트 서비스),M 긴급적립 상환 예시,M 긴급적립 상환 예시,,,,,,,,,,,,,,,,,2026-04-22 01:55:49
,ME4,상세혜택,우대 서비스,M 긴급적립(선지급 포인트 서비스),M 긴급적립 상환 예시,현대카드M 보유 회원이 M 긴급적립으로 50만 M포인트 받고 24개월간 상환할 경우,,,,,,,,,,,,,,,,,2026-04-22 01:55:49
,ME4,상세혜택,우대 서비스,M 긴급적립(선지급 포인트 서비스),M 긴급적립 상환 예시,혜택: 기본 / 적립률: 1.5% / 월 이용 금액: 80만원 / 적립 M포인트 (월): 1만 2천 / 누적 M포인트 (24개월): 28만 8천,,,,,,,,,,,,,,,,,2026-04-22 01:55:49
,ME4,상세혜택,우대 서비스,M 긴급적립(선지급 포인트 서비스),M 긴급적립 상환 예시,혜택: 추가 / 적립률: 5% / 월 이용 금액: 20만원 / 적립 M포인트 (월): 1만 / 누적 M포인트 (24개월): 24만,,,,,,,,,,,,,,,,,2026-04-22 01:55:49
,ME4,상세혜택,우대 서비스,M 긴급적립(선지급 포인트 서비스),M 긴급적립 상환 예시,혜택: 합계 / 월 이용 금액: 100만원 / 적립 M포인트 (월): 2만 2천 / 누적 M포인트 (24개월): 52만 8천,,,,,,,,,,,,,,,,,2026-04-22 01:55:49
,ME4,상세혜택,우대 서비스,M 긴급적립(선지급 포인트 서비스),M 긴급적립 상환 예시,위 내용은 예시이며 사용처별 이용 금액에 따라 실제 혜택과 상환 기간은 달라질 수 있음,,,,,,,,,,,,,,,,,2026-04-22 01:55:49
,ME4,상세혜택,우대 서비스,M 긴급적립(선지급 포인트 서비스),M 긴급적립 상환 예시,"혜택 대상점 및 실적 기준은 홈페이지 및 상품설명서 '기본 혜택', '추가 혜택' 참고",,,,,,,,,,,,,,,,,2026-04-22 01:55:49
,ME4,유의사항,메탈 플레이트,메탈 플레이트 제공 (2026. 1. 1 ~ 12. 31),유의사항,유의사항,,,,,,,,,,,,,,,,,2026-04-22 01:55:49
,ME4,유의사항,메탈 플레이트,메탈 플레이트 제공 (2026. 1. 1 ~ 12. 31),유의사항,VISA 브랜드 현대카드M을 보유한 본인 회원에 한해 발급 가능,,,,,,,,,,,,,,,,,2026-04-22 01:55:49
,ME4,유의사항,메탈 플레이트,메탈 플레이트 제공 (2026. 1. 1 ~ 12. 31),유의사항,발급 수수료 10만원 별도 부과 또는 10만 M포인트로 결제(재발급 및 갱신 시 동일 적용),,,,,,,,,,,,,,,,,2026-04-22 01:55:49
,ME4,유의사항,메탈 플레이트,메탈 플레이트 제공 (2026. 1. 1 ~ 12. 31),유의사항,일부 ATM 기기에서 이용 불가,,,,,,,,,,,,,,,,,2026-04-22 01:55:49
,ME4,유의사항,메탈 플레이트,메탈 플레이트 제공 (2026. 1. 1 ~ 12. 31),유의사항,메탈 플레이트 특성상 수작업으로 제작되어 신청일로부터 발급까지 평균 3주 내외 소요,,,,,,,,,,,,,,,,,2026-04-22 01:55:49
,ME4,유의사항,메탈 플레이트,메탈 플레이트 제공 (2026. 1. 1 ~ 12. 31),유의사항,(플레이트 수급 상황에 따라 소요 기간은 달라질 수 있음),,,,,,,,,,,,,,,,,2026-04-22 01:55:49
,ME4,유의사항,메탈 플레이트,메탈 플레이트 제공 (2026. 1. 1 ~ 12. 31),유의사항,기본 플레이트 해지 시 메탈 플레이트도 동시 해지,,,,,,,,,,,,,,,,,2026-04-22 01:55:49
,ME4,유의사항,메탈 플레이트,메탈 플레이트 제공 (2026. 1. 1 ~ 12. 31),유의사항,기본 플레이트에 대한 연회비는 일할 환불,,,,,,,,,,,,,,,,,2026-04-22 01:55:49
,ME4,유의사항,메탈 플레이트,메탈 플레이트 제공 (2026. 1. 1 ~ 12. 31),유의사항,메탈 플레이트 발급 수수료는 환불 불가,,,,,,,,,,,,,,,,,2026-04-22 01:55:49
,ME4,유의사항,메탈 플레이트,메탈 플레이트 제공 (2026. 1. 1 ~ 12. 31),유의사항,"메탈 플레이트의 유효 기간은 기본 플레이트와 동일하게 발급되며, 유효 기간 종료 후 재발급 시 발급 수수료 10만원 별도 부과",,,,,,,,,,,,,,,,,2026-04-22 01:55:49
,ME4,유의사항,메탈 플레이트,메탈 플레이트 제공 (2026. 1. 1 ~ 12. 31),유의사항,소재 특성상 교통카드 단말기 인식률이 낮을 수 있음,,,,,,,,,,,,,,,,,2026-04-22 01:55:49
,ME4,유의사항,메탈 플레이트,메탈 플레이트 제공 (2026. 1. 1 ~ 12. 31),유의사항,플레이트 표면의 세로줄 및 굴곡 현상은 수작업 제작 공정 특성상 발생할 수 있음,,,,,,,,,,,,,,,,,2026-04-22 01:55:49
,ME4,유의사항,메탈 플레이트,메탈 플레이트 제공 (2026. 1. 1 ~ 12. 31),유의사항,카드 브랜드 변경 및 다른 상품으로 교체 발급 시 메탈 플레이트 해지 후 신청 가능,,,,,,,,,,,,,,,,,2026-04-22 01:55:49
,ME4,유의사항,메탈 플레이트,메탈 플레이트 제공 (2026. 1. 1 ~ 12. 31),유의사항,신청 이후 단순 변심에 따른 취소 불가,,,,,,,,,,,,,,,,,2026-04-22 01:55:49
,ME4,유의사항,메탈 플레이트,메탈 플레이트 제공 (2026. 1. 1 ~ 12. 31),유의사항,메탈 플레이트 추가·교체 발급 신청은 현대카드 홈페이지/앱에서 가능,,,,,,,,,,,,,,,,,2026-04-22 01:55:49
,ME4,유의사항,메탈 플레이트,메탈 플레이트 제공 (2026. 1. 1 ~ 12. 31),유의사항,홈페이지 : Account &gt; 카드 관리 &gt; 보유 카드 목록,,,,,,,,,,,,,,,,,2026-04-22 01:55:49
,ME4,유의사항,메탈 플레이트,메탈 플레이트 제공 (2026. 1. 1 ~ 12. 31),유의사항,앱 : 메뉴(좌측 상단) &gt; 카드 관리 &gt; 보유 카드 목록,,,,,,,,,,,,,,,,,2026-04-22 01:55:49
,ME4,상세혜택,M포인트 사용처,일상 사용처,다양한 업종별 제휴 사용처에서 M포인트 사용,다양한 업종별 제휴 사용처에서 M포인트 사용,,,,,,,,,,,,,,,,,2026-04-22 01:55:49
,ME4,상세혜택,M포인트 사용처,일상 사용처,다양한 업종별 제휴 사용처에서 M포인트 사용,"커피/베이커리, 외식, 배달/간편식, 편의점/마트",,,,,,,,,,,,,,,,,2026-04-22 01:55:49
,ME4,상세혜택,M포인트 사용처,일상 사용처,다양한 업종별 제휴 사용처에서 M포인트 사용,"쇼핑, 패션, 뷰티",,,,,,,,,,,,,,,,,2026-04-22 01:55:49
,ME4,상세혜택,M포인트 사용처,일상 사용처,다양한 업종별 제휴 사용처에서 M포인트 사용,"여행/면세점, 레저/테마파크, 영화/음악, 교육/도서",,,,,,,,,,,,,,,,,2026-04-22 01:55:49
,ME4,상세혜택,M포인트 사용처,일상 사용처,다양한 업종별 제휴 사용처에서 M포인트 사용,"자동차, 보험/금융, 반려동물",,,,,,,,,,,,,,,,,2026-04-22 01:55:49
,ME4,상세혜택,M포인트 사용처,M몰,상품 구매 시 50~100% M포인트 사용 가능한 현대카드 회원 전용몰,상품 구매 시 50~100% M포인트 사용 가능한 현대카드 회원 전용몰,,,,,,,,,,,,,,,,,2026-04-22 01:55:49
,ME4,상세혜택,M포인트 사용처,자동차 구매,현대자동차·기아 신차 구매 시 5년간 200만 M포인트까지 사용,현대자동차·기아 신차 구매 시 5년간 200만 M포인트까지 사용,,,,,,,,,,,,,,,,,2026-04-22 01:55:49
,ME4,상세혜택,M포인트 사용처,자동차 구매,현대자동차·기아 신차 구매 시 5년간 200만 M포인트까지 사용,신차 구매 영업소에 M포인트 사용 요청,,,,,,,,,,,,,,,,,2026-04-22 01:55:49
,ME4,상세혜택,M포인트 사용처,M포인트 교환,,"제휴사 마일리지·포인트, 상품권 교환 및 연회비 결제, H-Coin 전환 등 M포인트를 교환하여 사용",,,,,,,,,,,,,,,,,2026-04-22 01:55:49
,ME4,상세혜택,M포인트 사용처,M포인트 교환,,"단, M 긴급적립(선지급 포인트 서비스)으로 적립받은 긴급적립 M포인트 사용처의 자세한 내용은 해당 약관 및 '현대카드 앱 &gt; M 긴급적립' 참고",,,,,,,,,,,,,,,,,2026-04-22 01:55:49
,ME4,유의사항,M포인트 사용처,M포인트 사용 기준,사용 및 관리 기준,사용 및 관리 기준,,,,,,,,,,,,,,,,,2026-04-22 01:55:49
,ME4,유의사항,M포인트 사용처,M포인트 사용 기준,사용 및 관리 기준,본인 M포인트에 한해 사용 가능,,,,,,,,,,,,,,,,,2026-04-22 01:55:49
,ME4,유의사항,M포인트 사용처,M포인트 사용 기준,사용 및 관리 기준,카드 보유 회원의 주민등록번호 기준으로 사용됨,,,,,,,,,,,,,,,,,2026-04-22 01:55:49
,ME4,유의사항,M포인트 사용처,M포인트 사용 기준,사용 방법,사용 방법,,,,,,,,,,,,,,,,,2026-04-22 01:55:49
,ME4,유의사항,M포인트 사용처,M포인트 사용 기준,사용 방법,"현대카드 홈페이지, M몰, M포인트 사용 가맹점 등 방문을 통해 M포인트 적립 및 사용 가능한 카드로 결제 시 사용 가능",,,,,,,,,,,,,,,,,2026-04-22 01:55:49
,ME4,유의사항,M포인트 사용처,M포인트 사용 기준,사용 취소,사용 취소,,,,,,,,,,,,,,,,,2026-04-22 01:55:49
,ME4,유의사항,M포인트 사용처,M포인트 사용 기준,사용 취소,"사용 M포인트에 대해 당일 취소 원칙이나, 일부 가맹점의 경우 취소 불가하므로 상세 내용 확인 후 이용",,,,,,,,,,,,,,,,,2026-04-22 01:55:49
,ME4,유의사항,M포인트 사용처,M포인트 사용 기준,사용 취소,예시 : 항공 마일리지 전환 후 취소 불가,,,,,,,,,,,,,,,,,2026-04-22 01:55:49
,ME4,유의사항,M포인트 사용처,M포인트 사용 기준,사용 제한,사용 제한,,,,,,,,,,,,,,,,,2026-04-22 01:55:49
,ME4,유의사항,M포인트 사용처,M포인트 사용 기준,사용 제한,정지(연체 등)·해지·탈회 회원의 경우 일부 사용처에서만 M포인트 사용이 가능(해당 사유 해소 시 M포인트 사용 제한도 해제됨),,,,,,,,,,,,,,,,,2026-04-22 01:55:49
,ME4,유의사항,M포인트 사용처,M포인트 사용 기준,사용 제한,"M포인트 사용 제휴 가맹점에서 이용 금액 일부만 M포인트 사용 가능하며, 그 외 일반 가맹점에서는 사용 불가",,,,,,,,,,,,,,,,,2026-04-22 01:55:49
,ME4,유의사항,M포인트 사용처,M포인트 사용 기준,연간 한도,연간 한도,,,,,,,,,,,,,,,,,2026-04-22 01:55:49
,ME4,유의사항,M포인트 사용처,M포인트 사용 기준,연간 한도,사용 가맹점별 연간 한도는 동일 사용처에서 매년 1월 1일~12월 31일 기준으로 적용,,,,,,,,,,,,,,,,,2026-04-22 01:55:49
,ME4,유의사항,M포인트 사용처,M포인트 사용 기준,가족 합산,가족 합산,,,,,,,,,,,,,,,,,2026-04-22 01:55:49
,ME4,유의사항,M포인트 사용처,M포인트 사용 기준,가족 합산,"M포인트 적립 가능한 가족 카드 상태가 정상인 경우, 본인 회원과 가족 카드 회원의 M포인트를 합산하여 사용 가능",,,,,,,,,,,,,,,,,2026-04-22 01:55:49
,ME4,유의사항,M포인트 사용처,M포인트 사용 기준,가족 합산,"고객센터(1577-6000), 홈페이지에 로그인하여 M포인트 합산 신청 후 사용 가능",,,,,,,,,,,,,,,,,2026-04-22 01:55:49
,ME4,유의사항,M포인트 사용처,M포인트 사용 기준,가족 합산,"단, 가족 카드를 보유하지 않은 경우 신차 구매 시 배우자 및 직계존비속에 한해 가족 명의 M포인트 합산 사용 가능",,,,,,,,,,,,,,,,,2026-04-22 01:55:49
,ME4,유의사항,M포인트 사용처,M포인트 사용 기준,M포인트 상속,M포인트 상속,,,,,,,,,,,,,,,,,2026-04-22 01:55:49
,ME4,유의사항,M포인트 사용처,M포인트 사용 기준,M포인트 상속,회원이 사망한 경우 회원이 보유한 M포인트는 상속인의 요청에 따라 사망 회원의 잔여 채무 변제 또는 상속 가능,,,,,,,,,,,,,,,,,2026-04-22 01:55:49
,ME4,유의사항,M포인트 사용처,M포인트 사용 기준,M포인트 상속,"잔여 채무 변제 신청 시 1 M포인트 = 2/3원 기준으로 환산하여 변제되며, 연회비, 재발급 수수료, 법조치 비용(송무비) 등 일부 채무는 변제 대상에서 제외",,,,,,,,,,,,,,,,,2026-04-22 01:55:49
,ME4,유의사항,M포인트 사용처,M포인트 사용 기준,M포인트 상속,M포인트 상속 시 M포인트 적립이 가능한 상속인 본인 명의 카드를 보유해야 함,,,,,,,,,,,,,,,,,2026-04-22 01:55:49
,ME4,유의사항,M포인트 사용처,M포인트 사용 기준,M포인트 상속,상속받은 M포인트는 제휴 사용처에서 사용 가능,,,,,,,,,,,,,,,,,2026-04-22 01:55:49
,ME4,유의사항,M포인트 사용처,M포인트 사용 기준,M포인트 상속,상속 신청 시 증빙 서류가 필요할 수 있음,,,,,,,,,,,,,,,,,2026-04-22 01:55:49
,ME4,유의사항,M포인트 사용처,M포인트 사용 기준,M포인트 상속,상속 신청 관련 자세한 내용은 현대카드 고객센터(1577-6000)로 문의,,,,,,,,,,,,,,,,,2026-04-22 01:55:49
,ME4,유의사항,M포인트 사용처,M포인트 사용 기준,정지(연체 등)·해지·탈회 회원,정지(연체 등)·해지·탈회 회원,,,,,,,,,,,,,,,,,2026-04-22 01:55:49
,ME4,유의사항,M포인트 사용처,M포인트 사용 기준,정지(연체 등)·해지·탈회 회원,"정지(연체 등)·해지·탈회 등 카드 이용계약 종료 시 회원의 잔여 M포인트는 기존에 부여된 유효 기간까지 유지되며,",,,,,,,,,,,,,,,,,2026-04-22 01:55:49
,ME4,유의사항,M포인트 사용처,M포인트 사용 기준,정지(연체 등)·해지·탈회 회원,유효한 카드가 없는 경우에도 카드사가 정한 일부 사용처에서 사용 가능,,,,,,,,,,,,,,,,,2026-04-22 01:55:49
,ME4,유의사항,M포인트 사용처,M포인트 사용 기준,정지(연체 등)·해지·탈회 회원,"카드 해지 시 잔여 M포인트는 H-Coin으로 전환하여 회원의 선택에 따라 미상환 카드 대금을 결제하거나, 회원의",,,,,,,,,,,,,,,,,2026-04-22 01:55:49
,ME4,유의사항,M포인트 사용처,M포인트 사용 기준,정지(연체 등)·해지·탈회 회원,카드 대금 출금 계좌로 입금 가능,,,,,,,,,,,,,,,,,2026-04-22 01:55:49
,ME4,유의사항,M포인트 사용처,M포인트 사용 기준,정지(연체 등)·해지·탈회 회원,"잔여 M포인트 유효 기간 내 회원이 재가입하여 카드 이용이 정상일 때, 해당 잔여 M포인트도 사용 가능",,,,,,,,,,,,,,,,,2026-04-22 01:55:49
,ME4,유의사항,M포인트 사용처,M포인트 사용 기준,정지(연체 등)·해지·탈회 회원,기타 포인트 소멸과 관련된 내용은 현대카드 개인회원 약관 제15조에 따름,,,,,,,,,,,,,,,,,2026-04-22 01:55:49
,ME4,유의사항,M포인트 사용처,M포인트 사용 기준,기타,기타,,,,,,,,,,,,,,,,,2026-04-22 01:55:49
,ME4,유의사항,M포인트 사용처,M포인트 사용 기준,기타,M포인트 사용 금액의 원 단위는 절사,,,,,,,,,,,,,,,,,2026-04-22 01:55:49
,ME4,유의사항,M포인트 사용처,M포인트 사용 기준,기타,M포인트 사용 전 각 사용처별 사용율 등 이용 방법 확인,,,,,,,,,,,,,,,,,2026-04-22 01:55:49
,ME4,유의사항,M포인트 사용처,M포인트 사용 기준,기타,M포인트 사용 시 우선 적립된 순서대로 소진,,,,,,,,,,,,,,,,,2026-04-22 01:55:49
