benefit_id,card_id,row_type,benefit_group,benefit_title,benefit_summary,category,category_id,on_offline,region,benefit_type,value,unit,target_merchants,excluded_merchants,min_amount,performance_level,max_count,max_limit,benefit_content,updated_at
1,HCAMCXPRICAC0076_09922,혜택,주요혜택,국내 가맹점,국내 가맹점,,,Both,국내,할인,1,%,,,,,,,국내 가맹점1% 할인,2026-05-10 19:57:00
2,HCAMCXPRICAC0076_09922,혜택,주요혜택,해외가맹점,해외가맹점,해외,19,Both,해외,할인,2,%,,,,,,,해외 가맹점2% 할인,2026-05-10 19:57:00
3,HCAMCXPRICAC0076_09922,혜택,주요혜택,자동이체 할인,자동이체 할인,구독/스트리밍,8,Online,국내,할인,,,,,,,,,"쇼핑 멤버십 50% 할인,OTT 10% 할인,이동통신 5% 할인",2026-05-10 19:57:00
4,HCAMCXPRICAC0076_09922,혜택,상세혜택,국내 가맹점,국내 가맹점 1%,,,Both,국내,할인,1,%,,,,,,,국내 가맹점 | 1%,2026-05-10 19:57:00
5,HCAMCXPRICAC0076_09922,혜택,상세혜택,해외 가맹점,해외 가맹점 2%,해외,19,Both,해외,할인,2,%,,,,,,40000,해외 가맹점 | 2% | 월한도: 4만원,2026-05-10 19:57:00
6,HCAMCXPRICAC0076_09922,혜택,상세혜택,쇼핑 멤버십 (40만원 이상),쇼핑 멤버십 50%,구독/스트리밍,8,Online,국내,할인,50,%,쿠팡 로켓와우,,,400000,,3000,쇼핑 멤버십 | 50% | 전월실적: 400000 | 월한도: 3천원,2026-05-10 19:57:00
7,HCAMCXPRICAC0076_09922,혜택,상세혜택,OTT (40만원 이상),OTT 10%,구독/스트리밍,8,Online,국내,할인,10,%,"넷플릭스, 유튜브 프리미엄, 웨이브, 티빙, 디즈니플러스",,,400000,,3000,OTT | 10% | 전월실적: 400000 | 월한도: 3천원,2026-05-10 19:57:00
8,HCAMCXPRICAC0076_09922,혜택,상세혜택,이동통신 자동납부 요금 (40만원 이상),이동통신 자동납부 요금 5%,생활비,12,Online,국내,할인,5,%,"SKT, KT, LG U+, Liiv M",,,400000,,3000,이동통신 자동납부 요금 | 5% | 전월실적: 400000 | 월한도: 3천원,2026-05-10 19:57:00
9,HCAMCXPRICAC0076_09922,혜택,상세혜택,국내 및 해외 가맹점 할인,국내 가맹점 1% 할인,해외,19,Both,해외,할인,1,%,,,,,,,국내 가맹점 1% 할인 | 전월 이용실적 조건 및 할인한도 없음,2026-05-10 19:57:00
10,HCAMCXPRICAC0076_09922,혜택,상세혜택,국내 및 해외 가맹점 할인,해외 가맹점 2% 할인,해외,19,Both,해외,할인,2,%,,,,,,40000,"해외 가맹점 2% 할인 | 할인한도 : 월 4만원 (전월 이용실적 조건 없음) / 해외 할인은 국내외겸용 카드에 한해 제공 / 해외 이용 시 별도의 수수료 부과되며, 자세한 내용은 '해외 이용 확인사항' 참조",2026-05-10 19:57:00
11,HCAMCXPRICAC0076_09922,혜택,상세혜택,자동이체 할인,"쇼핑 멤버십 50%, OTT 10%, 이동통신 5% 할인(자동납부 할인)",구독/스트리밍,8,Online,국내,할인,,,,,,,,,"쇼핑 멤버십 50%, OTT 10%, 이동통신 5% 할인(자동납부 할인)",2026-05-10 19:57:00
12,HCAMCXPRICAC0076_09922,혜택,상세혜택,자동이체 할인,쇼핑 멤버십 50%,구독/스트리밍,8,Online,국내,할인,50,%,"네이버플러스 멤버십, 쿠팡 로켓와우",,,,,,쇼핑 멤버십 | 50%,2026-05-10 19:57:00
13,HCAMCXPRICAC0076_09922,혜택,상세혜택,자동이체 할인,OTT 10%,구독/스트리밍,8,Online,국내,할인,10,%,"넷플릭스, 유튜브 프리미엄, 웨이브, 티빙, 디즈니플러스",,,,,,OTT | 10%,2026-05-10 19:57:00
14,HCAMCXPRICAC0076_09922,혜택,상세혜택,자동이체 할인,이동통신 5%,생활비,12,Online,국내,할인,5,%,"SKT, KT, LG U+, Liiv M",,,,,,이동통신 | 5%,2026-05-10 19:57:00
15,HCAMCXPRICAC0076_09922,혜택,상세혜택,자동이체 할인,통합 월 할인한도 : 3천원 (전월이용실적 40만원 이상 시 제공),생활비,12,Online,국내,할인,3000,원,,,,,,3000,통합 월 할인한도 : 3천원 (전월이용실적 40만원 이상 시 제공),2026-05-10 19:57:00
16,HCAMCXPRICAC0076_09922,혜택,상세혜택,자동이체 할인,최초 발급받은 KB ALL 카드 사용등록일(KB Pay 등 간편결제 등록 포함)로 부터 다음달 말일(실적유예기간)까지는 전월 이용실적 40만원 미만시에도 할인 제공,페이/간편결제,10,Both,국내,서비스,,,,,,,,,최초 발급받은 KB ALL 카드 사용등록일(KB Pay 등 간편결제 등록 포함)로 부터 다음달 말일(실적유예기간)까지는 전월 이용실적 40만원 미만시에도 할인 제공,2026-05-10 19:57:00
17,HCAMCXPRICAC0076_09922,혜택,상세혜택,자동이체 할인,쇼핑 멤버십/OTT 할인은 공식 홈페이지를 통한 정기 결제 건에 한함(간편결제 및 인앱결제 등은 할인 제외),구독/스트리밍,8,Online,국내,할인,,,,,,,,,쇼핑 멤버십,2026-05-10 19:57:00
18,HCAMCXPRICAC0076_09922,혜택,상세혜택,자동이체 할인,이동통신 할인은 인터넷/IPTV 등 결합상품 할인 제외,생활비,12,Online,국내,할인,,,,,,,,,이동통신 할인은 인터넷,2026-05-10 19:57:00
19,HCAMCXPRICAC0076_09922,유의사항,확인사항,연체이자율,,,,,,,,,,,,,,,연체이자율 : 회원별,2026-05-10 19:57:00
20,HCAMCXPRICAC0076_09922,유의사항,확인사항,연체이자율,,,,,,,,,,,,,,,"단, 연체발생시점에 정상이자율이 없는 경우 아래와 같이 적용함",2026-05-10 19:57:00
21,HCAMCXPRICAC0076_09922,유의사항,확인사항,연체이자율,,,,,,,,,,,,,,,일시불 거래 연체시 : 거래발생시점의 최소기간(2개월) 유이자 할부 수수료율 적용,2026-05-10 19:57:00
22,HCAMCXPRICAC0076_09922,유의사항,확인사항,연체이자율,,,,,,,,,,,,,,,무이자할부 거래 연체시 : 거래발생시점의 동일한 할부계약기간의 유이자할부수수료율 적용,2026-05-10 19:57:00
23,HCAMCXPRICAC0076_09922,유의사항,확인사항,연체이자율,,,,,,,,,,,,,,,그 외의 경우: 정상이자율은 상법상 상사법정이율과 상호금융가계자금대출금리* 중 높은 금리 적용 * 한국은행에서 매월 발표하는 가장 최근의 비은행 금융기관 가중평균대출금리(신규대출 기준),2026-05-10 19:57:00
24,HCAMCXPRICAC0076_09922,유의사항,연회비,연회비,,,,,,,,,,,,,,,본인 발급유형 국내전용(Local),2026-05-10 19:57:00
25,HCAMCXPRICAC0076_09922,연회비,연회비,연회비,,,,,,,,,,,,,,,본인 기본연회비 국내전용(Local),2026-05-10 19:57:00
26,HCAMCXPRICAC0076_09922,연회비,연회비,연회비,,,,,,,,,,,,,,,본인 제휴연회비 국내전용(Local),2026-05-10 19:57:00
27,HCAMCXPRICAC0076_09922,연회비,연회비,연회비,,,,,,,,,,,,,,,본인 합계 국내전용(Local),2026-05-10 19:57:00
28,HCAMCXPRICAC0076_09922,유의사항,연회비,연회비,,,,,,,,,,,,,,,본인 발급유형 모바일: 모바일 단독,2026-05-10 19:57:00
29,HCAMCXPRICAC0076_09922,연회비,연회비,연회비,,,,,,,,,,,,,,,본인 기본연회비 모바일: 1천원,2026-05-10 19:57:00
30,HCAMCXPRICAC0076_09922,연회비,연회비,연회비,,,,,,,,,,,,,,,본인 제휴연회비 모바일: 1만3천원,2026-05-10 19:57:00
31,HCAMCXPRICAC0076_09922,연회비,연회비,연회비,,,,,,,,,,,,,,,본인 합계 모바일: 1만4천원,2026-05-10 19:57:00
32,HCAMCXPRICAC0076_09922,유의사항,연회비,연회비,,,,,,,,,,,,,,,2025년 1월 2일부터 KB ALL 카드(舊. KB국민 WE:SH All 카드)를 발급(발급 안내 메시지 수신 기준)한 고객의 해당 카드 연회비(기본연회비+제휴연회비)는 카드별로 청구됩니다.,2026-05-10 19:57:00
33,HCAMCXPRICAC0076_09922,유의사항,연회비,연회비,,,,,,,,,,,,,,,2025년 1월 1일까지 카드를 발급한 고객은 기존(아래)과 동일하게 적용,2026-05-10 19:57:00
34,HCAMCXPRICAC0076_09922,유의사항,연회비,연회비,,,,,,,,,,,,,,,"연회비는 카드발급 시점을 기준으로 1년 단위로 청구되며, 초회",2026-05-10 19:57:00
35,HCAMCXPRICAC0076_09922,유의사항,연회비,연회비,,,,,,,,,,,,,,,모바일 단독카드란 카드 실물없이 스마트폰 앱에 카드정보를 등록하여 모바일로 이용 가능한 카드입니다.(KB Pay 방식),2026-05-10 19:57:00
36,HCAMCXPRICAC0076_09922,유의사항,연회비,연회비,,,,,,,,,,,,,,,KB ALL 카드를 모바일 단독카드로 발급받는 경우 국내 일부 및 해외 오프라인 가맹점에서 사용이 제한됩니다.,2026-05-10 19:57:00
37,HCAMCXPRICAC0076_09922,유의사항,연회비,연회비,,,,,,,,,,,,,,,모바일 단독카드 신청 시 'KB국민모바일회원약관'을 반드시 확인하시기 바랍니다.,2026-05-10 19:57:00
38,HCAMCXPRICAC0076_09922,유의사항,연회비,연회비 반환 기준,,,,,,,,,,,,,,,"회원이 유효기간이 도래하기 전에 카드를 해지한 경우, 연회비 반환금액은 계약을 해지한 날부터 일할 계산하여 산정하며 10영업일 이내에 반환처리 됩니다. 다만, 부가서비스 제공내역 확인에 시간이 소요되는 등 불가피한 사유로 10영업일 이내에 반환이 어려운 경우, 계약 해지일부터 3개월 이내에 반환할 수 있습니다. 회원이 이미 납부한 연회비에 반영된 다음의 비용은 금액산정에서 제외됩니다.",2026-05-10 19:57:00
42,HCAMCXPRICAC0076_09771,혜택,주요혜택,일상팩(선택),일상팩(선택),자동차/주유,6,Offline,국내,할인,10,%,,,,,,,주유/배달/통신보험APP10% 청구할인,2026-05-10 19:57:01
43,HCAMCXPRICAC0076_09771,혜택,주요혜택,일상팩(선택),일상팩(선택),온라인쇼핑,1,Online,국내,할인,5,%,,,,,,,온라인쇼핑/편의점/취미자기관리 5% 청구할인,2026-05-10 19:57:01
44,HCAMCXPRICAC0076_09771,혜택,주요혜택,가족팩(선택),가족팩(선택),의료,21,Both,국내,할인,10,%,,,,,,,생활요금/온라인장보기/일상케어 10% 청구할인,2026-05-10 19:57:01
45,HCAMCXPRICAC0076_09771,혜택,주요혜택,가족팩(선택),가족팩(선택),교육/육아,20,Both,국내,할인,5,%,,,,,,,학원/대형마트/카페5% 청구할인,2026-05-10 19:57:01
46,HCAMCXPRICAC0076_09771,혜택,주요혜택,해외수수료 면제,해외수수료 면제,해외,19,Both,해외,할인,,,,,,,,,국제브랜드수수료 1% 면제해외서비스수수료 0.25% 면제,2026-05-10 19:57:01
47,HCAMCXPRICAC0076_09771,혜택,주요혜택,전월실적 채워드림,전월실적 채워드림,생활비,12,Online,국내,,,,,,,,,,분기 1회(연4회)전월실적 채워드림,2026-05-10 19:57:01
48,HCAMCXPRICAC0076_09771,혜택,주요혜택,국제브랜드 서비스,국제브랜드 서비스,해외,19,Both,해외,서비스,,,,,,,,,국내공항 라운지 및공항,2026-05-10 19:57:01
49,HCAMCXPRICAC0076_09771,혜택,상세혜택,서비스 요약,국제브랜드수수료 1% 면제,해외,19,Both,해외,서비스,1,%,,,,,,,국제브랜드수수료 1% 면제,2026-05-10 19:57:01
50,HCAMCXPRICAC0076_09771,혜택,상세혜택,서비스 요약,해외서비스수수료 0.25% 면제,해외,19,Both,해외,서비스,0.25,%,,,,,,,해외서비스수수료 0.25% 면제,2026-05-10 19:57:01
51,HCAMCXPRICAC0076_09771,혜택,상세혜택,전월실적 채워드림,전월실적 채워드림 전월실적 40만원 이상 80만원 미만 구간의 할인 혜택을 받을 수 있도록 KB YOU Prime 카드 전월실적을 채워드리는 서비스 (분기 1회(연 4회) 신청 가능),생활비,12,Online,국내,할인,,,,,,,,,전월실적 채워드림 | 전월실적 40만원 이상 80만원 미만 구간의 할인 혜택을 받을 수 있도록 KB YOU Prime 카드 전월실적을 채워드리는 서비스 (분기 1회(연 4회) 신청 가능),2026-05-10 19:57:01
52,HCAMCXPRICAC0076_09771,혜택,상세혜택,일상팩,일상팩 (영역): 주유,자동차/주유,6,Offline,국내,서비스,,,,,,,,,일상팩 | 전월실적 영역 | 주유,2026-05-10 19:57:01
53,HCAMCXPRICAC0076_09771,혜택,상세혜택,일상팩,일상팩 (할인율): 10%,,,Both,국내,할인,10,%,,,,,,,일상팩 | 전월실적 할인율 | 10%,2026-05-10 19:57:01
54,HCAMCXPRICAC0076_09771,혜택,상세혜택,일상팩,일상팩 (전월 이용실적에 따른 월 할인한도): 5천원,,,Both,국내,할인,5000,원,,,,,,5000,일상팩 | 전월실적 전월 이용실적에 따른 월 할인한도 | 5천원,2026-05-10 19:57:01
55,HCAMCXPRICAC0076_09771,혜택,상세혜택,일상팩,일상팩 (전월 이용실적에 따른 월 할인한도): 7천원,,,Both,국내,할인,7000,원,,,,,,7000,일상팩 | 전월실적 전월 이용실적에 따른 월 할인한도 | 7천원,2026-05-10 19:57:01
56,HCAMCXPRICAC0076_09771,혜택,상세혜택,일상팩,일상팩 (전월 이용실적에 따른 월 할인한도): 1만원,,,Both,국내,할인,10000,원,,,,,,10000,일상팩 | 전월실적 전월 이용실적에 따른 월 할인한도 | 1만원,2026-05-10 19:57:01
57,HCAMCXPRICAC0076_09771,혜택,상세혜택,배달,배달 (영역): 10%,배달,15,Online,국내,할인,10,%,,,,,,,배달 | 전월실적 영역 | 10%,2026-05-10 19:57:01
58,HCAMCXPRICAC0076_09771,혜택,상세혜택,배달,배달 (할인율): 5천원,배달,15,Online,국내,할인,5000,원,,,,,,5000,배달 | 전월실적 할인율 | 5천원,2026-05-10 19:57:01
59,HCAMCXPRICAC0076_09771,혜택,상세혜택,배달,배달 (전월 이용실적에 따른 월 할인한도): 7천원,배달,15,Online,국내,할인,7000,원,,,,,,7000,배달 | 전월실적 전월 이용실적에 따른 월 할인한도 | 7천원,2026-05-10 19:57:01
60,HCAMCXPRICAC0076_09771,혜택,상세혜택,배달,배달 (전월 이용실적에 따른 월 할인한도): 1만원,배달,15,Online,국내,할인,10000,원,,,,,,10000,배달 | 전월실적 전월 이용실적에 따른 월 할인한도 | 1만원,2026-05-10 19:57:01
61,HCAMCXPRICAC0076_09771,혜택,상세혜택,통신/보험/APP,통신/보험/APP (영역): 10%,생활비,12,Online,국내,할인,10,%,,,,,,,통신/보험/APP | 전월실적 영역 | 10%,2026-05-10 19:57:01
62,HCAMCXPRICAC0076_09771,혜택,상세혜택,통신/보험/APP,통신/보험/APP (할인율): 5천원,생활비,12,Online,국내,할인,5000,원,,,,,,5000,통신/보험/APP | 전월실적 할인율 | 5천원,2026-05-10 19:57:01
63,HCAMCXPRICAC0076_09771,혜택,상세혜택,통신/보험/APP,통신/보험/APP (전월 이용실적에 따른 월 할인한도): 7천원,생활비,12,Online,국내,할인,7000,원,,,,,,7000,통신/보험/APP | 전월실적 전월 이용실적에 따른 월 할인한도 | 7천원,2026-05-10 19:57:01
64,HCAMCXPRICAC0076_09771,혜택,상세혜택,통신/보험/APP,통신/보험/APP (전월 이용실적에 따른 월 할인한도): 1만원,생활비,12,Online,국내,할인,10000,원,,,,,,10000,통신/보험/APP | 전월실적 전월 이용실적에 따른 월 할인한도 | 1만원,2026-05-10 19:57:01
65,HCAMCXPRICAC0076_09771,혜택,상세혜택,온라인쇼핑,온라인쇼핑 (영역): 5%,온라인쇼핑,1,Online,국내,할인,5,%,,,,,,,온라인쇼핑 | 전월실적 영역 | 5%,2026-05-10 19:57:01
66,HCAMCXPRICAC0076_09771,혜택,상세혜택,온라인쇼핑,온라인쇼핑 (할인율): 5천원,온라인쇼핑,1,Online,국내,할인,5000,원,,,,,,5000,온라인쇼핑 | 전월실적 할인율 | 5천원,2026-05-10 19:57:01
67,HCAMCXPRICAC0076_09771,혜택,상세혜택,온라인쇼핑,온라인쇼핑 (전월 이용실적에 따른 월 할인한도): 7천원,온라인쇼핑,1,Online,국내,할인,7000,원,,,,,,7000,온라인쇼핑 | 전월실적 전월 이용실적에 따른 월 할인한도 | 7천원,2026-05-10 19:57:01
68,HCAMCXPRICAC0076_09771,혜택,상세혜택,온라인쇼핑,온라인쇼핑 (전월 이용실적에 따른 월 할인한도): 1만원,온라인쇼핑,1,Online,국내,할인,10000,원,,,,,,10000,온라인쇼핑 | 전월실적 전월 이용실적에 따른 월 할인한도 | 1만원,2026-05-10 19:57:01
69,HCAMCXPRICAC0076_09771,혜택,상세혜택,편의점,편의점 (영역): 5%,편의점,13,Offline,국내,할인,5,%,,,,,,,편의점 | 전월실적 영역 | 5%,2026-05-10 19:57:01
70,HCAMCXPRICAC0076_09771,혜택,상세혜택,편의점,편의점 (할인율): 5천원,편의점,13,Offline,국내,할인,5000,원,,,,,,5000,편의점 | 전월실적 할인율 | 5천원,2026-05-10 19:57:01
71,HCAMCXPRICAC0076_09771,혜택,상세혜택,편의점,편의점 (전월 이용실적에 따른 월 할인한도): 7천원,편의점,13,Offline,국내,할인,7000,원,,,,,,7000,편의점 | 전월실적 전월 이용실적에 따른 월 할인한도 | 7천원,2026-05-10 19:57:01
72,HCAMCXPRICAC0076_09771,혜택,상세혜택,편의점,편의점 (전월 이용실적에 따른 월 할인한도): 1만원,편의점,13,Offline,국내,할인,10000,원,,,,,,10000,편의점 | 전월실적 전월 이용실적에 따른 월 할인한도 | 1만원,2026-05-10 19:57:01
73,HCAMCXPRICAC0076_09771,혜택,상세혜택,취미/자기관리,취미/자기관리 (영역): 5%,패션/뷰티,2,Both,국내,할인,5,%,,,,,,,취미/자기관리 | 전월실적 영역 | 5%,2026-05-10 19:57:01
74,HCAMCXPRICAC0076_09771,혜택,상세혜택,취미/자기관리,취미/자기관리 (할인율): 5천원,패션/뷰티,2,Both,국내,할인,5000,원,,,,,,5000,취미/자기관리 | 전월실적 할인율 | 5천원,2026-05-10 19:57:01
75,HCAMCXPRICAC0076_09771,혜택,상세혜택,취미/자기관리,취미/자기관리 (전월 이용실적에 따른 월 할인한도): 7천원,패션/뷰티,2,Both,국내,할인,7000,원,,,,,,7000,취미/자기관리 | 전월실적 전월 이용실적에 따른 월 할인한도 | 7천원,2026-05-10 19:57:01
76,HCAMCXPRICAC0076_09771,혜택,상세혜택,취미/자기관리,취미/자기관리 (전월 이용실적에 따른 월 할인한도): 1만원,패션/뷰티,2,Both,국내,할인,10000,원,,,,,,10000,취미/자기관리 | 전월실적 전월 이용실적에 따른 월 할인한도 | 1만원,2026-05-10 19:57:01
77,HCAMCXPRICAC0076_09771,혜택,상세혜택,가족팩,가족팩 (영역): 생활요금,생활비,12,Online,국내,서비스,,,,,,,,,가족팩 | 전월실적 영역 | 생활요금,2026-05-10 19:57:01
78,HCAMCXPRICAC0076_09771,혜택,상세혜택,가족팩,가족팩 (할인율): 10%,,,Both,국내,할인,10,%,,,,,,,가족팩 | 전월실적 할인율 | 10%,2026-05-10 19:57:01
79,HCAMCXPRICAC0076_09771,혜택,상세혜택,가족팩,가족팩 (전월 이용실적에 따른 월 할인한도): 5천원,,,Both,국내,할인,5000,원,,,,,,5000,가족팩 | 전월실적 전월 이용실적에 따른 월 할인한도 | 5천원,2026-05-10 19:57:01
80,HCAMCXPRICAC0076_09771,혜택,상세혜택,가족팩,가족팩 (전월 이용실적에 따른 월 할인한도): 7천원,,,Both,국내,할인,7000,원,,,,,,7000,가족팩 | 전월실적 전월 이용실적에 따른 월 할인한도 | 7천원,2026-05-10 19:57:01
81,HCAMCXPRICAC0076_09771,혜택,상세혜택,가족팩,가족팩 (전월 이용실적에 따른 월 할인한도): 1만원,,,Both,국내,할인,10000,원,,,,,,10000,가족팩 | 전월실적 전월 이용실적에 따른 월 할인한도 | 1만원,2026-05-10 19:57:01
82,HCAMCXPRICAC0076_09771,혜택,상세혜택,온라인장보기,온라인장보기 (영역): 10%,온라인쇼핑,1,Online,국내,할인,10,%,,,,,,,온라인장보기 | 전월실적 영역 | 10%,2026-05-10 19:57:01
83,HCAMCXPRICAC0076_09771,혜택,상세혜택,온라인장보기,온라인장보기 (할인율): 5천원,온라인쇼핑,1,Online,국내,할인,5000,원,,,,,,5000,온라인장보기 | 전월실적 할인율 | 5천원,2026-05-10 19:57:01
84,HCAMCXPRICAC0076_09771,혜택,상세혜택,온라인장보기,온라인장보기 (전월 이용실적에 따른 월 할인한도): 7천원,온라인쇼핑,1,Online,국내,할인,7000,원,,,,,,7000,온라인장보기 | 전월실적 전월 이용실적에 따른 월 할인한도 | 7천원,2026-05-10 19:57:01
85,HCAMCXPRICAC0076_09771,혜택,상세혜택,온라인장보기,온라인장보기 (전월 이용실적에 따른 월 할인한도): 1만원,온라인쇼핑,1,Online,국내,할인,10000,원,,,,,,10000,온라인장보기 | 전월실적 전월 이용실적에 따른 월 할인한도 | 1만원,2026-05-10 19:57:01
86,HCAMCXPRICAC0076_09771,혜택,상세혜택,일상케어,일상케어 (영역): 10%,의료,21,Both,국내,할인,10,%,,,,,,,일상케어 | 전월실적 영역 | 10%,2026-05-10 19:57:01
87,HCAMCXPRICAC0076_09771,혜택,상세혜택,일상케어,일상케어 (할인율): 5천원,의료,21,Both,국내,할인,5000,원,,,,,,5000,일상케어 | 전월실적 할인율 | 5천원,2026-05-10 19:57:01
88,HCAMCXPRICAC0076_09771,혜택,상세혜택,일상케어,일상케어 (전월 이용실적에 따른 월 할인한도): 7천원,의료,21,Both,국내,할인,7000,원,,,,,,7000,일상케어 | 전월실적 전월 이용실적에 따른 월 할인한도 | 7천원,2026-05-10 19:57:01
89,HCAMCXPRICAC0076_09771,혜택,상세혜택,일상케어,일상케어 (전월 이용실적에 따른 월 할인한도): 1만원,의료,21,Both,국내,할인,10000,원,,,,,,10000,일상케어 | 전월실적 전월 이용실적에 따른 월 할인한도 | 1만원,2026-05-10 19:57:01
90,HCAMCXPRICAC0076_09771,혜택,상세혜택,학원,학원 (영역): 5%,교육/육아,20,Both,국내,할인,5,%,,,,,,,학원 | 전월실적 영역 | 5%,2026-05-10 19:57:01
91,HCAMCXPRICAC0076_09771,혜택,상세혜택,학원,학원 (할인율): 5천원,교육/육아,20,Both,국내,할인,5000,원,,,,,,5000,학원 | 전월실적 할인율 | 5천원,2026-05-10 19:57:01
92,HCAMCXPRICAC0076_09771,혜택,상세혜택,학원,학원 (전월 이용실적에 따른 월 할인한도): 7천원,교육/육아,20,Both,국내,할인,7000,원,,,,,,7000,학원 | 전월실적 전월 이용실적에 따른 월 할인한도 | 7천원,2026-05-10 19:57:01
93,HCAMCXPRICAC0076_09771,혜택,상세혜택,학원,학원 (전월 이용실적에 따른 월 할인한도): 1만원,교육/육아,20,Both,국내,할인,10000,원,,,,,,10000,학원 | 전월실적 전월 이용실적에 따른 월 할인한도 | 1만원,2026-05-10 19:57:01
94,HCAMCXPRICAC0076_09771,혜택,상세혜택,대형마트,대형마트 (영역): 5%,슈퍼마켓/생활잡화,3,Offline,국내,할인,5,%,,,,,,,대형마트 | 전월실적 영역 | 5%,2026-05-10 19:57:01
95,HCAMCXPRICAC0076_09771,혜택,상세혜택,대형마트,대형마트 (할인율): 5천원,슈퍼마켓/생활잡화,3,Offline,국내,할인,5000,원,,,,,,5000,대형마트 | 전월실적 할인율 | 5천원,2026-05-10 19:57:01
96,HCAMCXPRICAC0076_09771,혜택,상세혜택,대형마트,대형마트 (전월 이용실적에 따른 월 할인한도): 7천원,슈퍼마켓/생활잡화,3,Offline,국내,할인,7000,원,,,,,,7000,대형마트 | 전월실적 전월 이용실적에 따른 월 할인한도 | 7천원,2026-05-10 19:57:01
97,HCAMCXPRICAC0076_09771,혜택,상세혜택,대형마트,대형마트 (전월 이용실적에 따른 월 할인한도): 1만원,슈퍼마켓/생활잡화,3,Offline,국내,할인,10000,원,,,,,,10000,대형마트 | 전월실적 전월 이용실적에 따른 월 할인한도 | 1만원,2026-05-10 19:57:01
98,HCAMCXPRICAC0076_09771,혜택,상세혜택,카페,카페 (영역): 5%,커피/카페/베이커리,14,Both,국내,할인,5,%,,,,,,,카페 | 전월실적 영역 | 5%,2026-05-10 19:57:01
99,HCAMCXPRICAC0076_09771,혜택,상세혜택,카페,카페 (할인율): 5천원,커피/카페/베이커리,14,Both,국내,할인,5000,원,,,,,,5000,카페 | 전월실적 할인율 | 5천원,2026-05-10 19:57:01
100,HCAMCXPRICAC0076_09771,혜택,상세혜택,카페,카페 (전월 이용실적에 따른 월 할인한도): 7천원,커피/카페/베이커리,14,Both,국내,할인,7000,원,,,,,,7000,카페 | 전월실적 전월 이용실적에 따른 월 할인한도 | 7천원,2026-05-10 19:57:01
101,HCAMCXPRICAC0076_09771,혜택,상세혜택,카페,카페 (전월 이용실적에 따른 월 할인한도): 1만원,커피/카페/베이커리,14,Both,국내,할인,10000,원,,,,,,10000,카페 | 전월실적 전월 이용실적에 따른 월 할인한도 | 1만원,2026-05-10 19:57:01
102,HCAMCXPRICAC0076_09771,혜택,상세혜택,일상팩(선택),"주유소/충전소 업종, 전기차충전",자동차/주유,6,Offline,국내,할인,10,%,,,,,,,"[주유] 주유소/충전소 업종, 전기차충전 10% 청구할인",2026-05-10 19:57:01
103,HCAMCXPRICAC0076_09771,혜택,상세혜택,일상팩(선택),배달의민족/쿠팡이츠,배달,15,Online,국내,할인,10,%,"배달의민족, 쿠팡이츠",,,,,,[배달] 배달의민족/쿠팡이츠 10% 청구할인 (KB Pay 결제 시 제공),2026-05-10 19:57:01
104,HCAMCXPRICAC0076_09771,혜택,상세혜택,일상팩(선택),이동통신/보험료/앱스토어,구독/스트리밍,8,Online,국내,할인,10,%,구글플레이스토어,,,,,,[통신/보험/APP] 이동통신/보험료/앱스토어 10% 청구할인,2026-05-10 19:57:01
105,HCAMCXPRICAC0076_09771,혜택,상세혜택,일상팩(선택),7개 온라인쇼핑몰,온라인쇼핑,1,Online,국내,할인,5,%,"네이버플러스스토어, 쿠팡, 무신사",,,,,,[온라인쇼핑] 7개 온라인쇼핑몰 5% 청구할인 (KB  Pay 결제 시 제공),2026-05-10 19:57:01
106,HCAMCXPRICAC0076_09771,혜택,상세혜택,일상팩(선택),GS25/CU 오프라인 매장,편의점,13,Offline,국내,할인,5,%,"GS25, CU",,,,,,[편의점] GS25/CU 오프라인 매장 5% 청구할인,2026-05-10 19:57:01
107,HCAMCXPRICAC0076_09771,혜택,상세혜택,일상팩(선택),스포츠/미용실 업종,패션/뷰티,2,Both,국내,할인,5,%,,,,,,,[취미/자기관리] 스포츠/미용실 업종 5% 청구할인,2026-05-10 19:57:01
108,HCAMCXPRICAC0076_09771,혜택,상세혜택,가족팩(선택),아파트관리비/도시가스/보험료 업종,생활비,12,Online,국내,할인,10,%,,,,,,,[생활요금] 아파트관리비/도시가스/보험료 업종 10% 청구할인,2026-05-10 19:57:01
109,HCAMCXPRICAC0076_09771,혜택,상세혜택,가족팩(선택),4개 온라인장보기몰,온라인쇼핑,1,Online,국내,할인,10,%,"네이버플러스스토어, 쿠팡, 마켓컬리, 오아시스마켓",,,,,,[온라인장보기] 4개 온라인장보기몰 10% 청구할인 (KB Pay 결제 시 제공),2026-05-10 19:57:01
110,HCAMCXPRICAC0076_09771,혜택,상세혜택,가족팩(선택),병원/약국/미용실/세탁소 업종,의료,21,Both,국내,할인,10,%,,,,,,,[일상케어] 병원/약국/미용실/세탁소 업종 10% 청구할인,2026-05-10 19:57:01
111,HCAMCXPRICAC0076_09771,혜택,상세혜택,가족팩(선택),학원/문화센터/학습지 업종,교육/육아,20,Both,국내,할인,5,%,,,,,,,[학원] 학원/문화센터/학습지 업종 5% 청구할인,2026-05-10 19:57:01
112,HCAMCXPRICAC0076_09771,혜택,상세혜택,가족팩(선택),대형마트 오프라인,슈퍼마켓/생활잡화,3,Offline,국내,할인,5,%,"이마트, 트레이더스 홀세일 클럽, 롯데마트",,50000,,,,[대형마트] 대형마트 오프라인 5% 청구할인 (건당 5만원 이상 결제 시 제공),2026-05-10 19:57:01
113,HCAMCXPRICAC0076_09771,혜택,상세혜택,가족팩(선택),커피/키즈카페 업종,커피/카페/베이커리,14,Both,국내,할인,5,%,,,,,,,[카페] 커피/키즈카페 업종 5% 청구할인,2026-05-10 19:57:01
114,HCAMCXPRICAC0076_09771,혜택,상세혜택,해외 수수료 면제,해외 이용 수수료 면제,해외,19,Both,해외,서비스,,,,,,,,,해외 이용 수수료 면제,2026-05-10 19:57:01
115,HCAMCXPRICAC0076_09771,혜택,상세혜택,전월실적 채워드림,"전월 이용실적이 부족해 이번 달 할인 혜택을 못 받을 때, 전월실적 40만원 이상 80만원 미만 구간의 할인 혜택을 받을 수 있도록 KB YOU Prime 카드 전월실적을 채워드리는 서비스",생활비,12,Online,국내,할인,,,,,,,,,"전월 이용실적이 부족해 이번 달 할인 혜택을 못 받을 때, 전월실적 40만원 이상 80만원 미만 구간의 할인 혜택을 받을 수 있도록 KB YOU Prime 카드 전월실적을 채워드리는 서비스",2026-05-10 19:57:01
116,HCAMCXPRICAC0076_09771,혜택,상세혜택,전월실적 채워드림,전월 이용실적이 35만원 이상 40만원 미만인 고객,생활비,12,Online,국내,서비스,,,,,,,,,전월 이용실적이 35만원 이상 40만원 미만인 고객,2026-05-10 19:57:01
117,HCAMCXPRICAC0076_09771,혜택,상세혜택,전월실적 채워드림,"1. KB Pay 앱 또는 KB국민카드 홈페이지에서 서비스 신청 ※ 본인회원만 신청 가능, 매월 1일~25일 내 신청",페이/간편결제,10,Both,국내,서비스,,,,,,,,,"1. KB Pay 앱 또는 KB국민카드 홈페이지에서 서비스 신청 ※ 본인회원만 신청 가능, 매월 1일~25일 내 신청",2026-05-10 19:57:01
118,HCAMCXPRICAC0076_09771,혜택,상세혜택,전월실적 채워드림,2. 서비스 신청 후 다음날부터 신청월 말일까지 서비스 적용 ※ 서비스 신청 당일은 할인 서비스 미제공,생활비,12,Online,국내,할인,,,,,,,,,2. 서비스 신청 후 다음날부터 신청월 말일까지 서비스 적용 ※ 서비스 신청 당일은 할인 서비스 미제공,2026-05-10 19:57:01
119,HCAMCXPRICAC0076_09771,혜택,상세혜택,전월실적 채워드림,본인회원 기준 분기 1회(연 4회) 신청 가능합니다.,생활비,12,Online,국내,,,,,,,,,,본인회원 기준 분기 1회(연 4회) 신청 가능합니다.,2026-05-10 19:57:01
120,HCAMCXPRICAC0076_09771,혜택,상세혜택,전월실적 채워드림,서비스 신청 후 취소는 불가합니다.,생활비,12,Online,국내,서비스,,,,,,,,,서비스 신청 후 취소는 불가합니다.,2026-05-10 19:57:01
121,HCAMCXPRICAC0076_09771,혜택,상세혜택,전월실적 채워드림,"전월실적 채워드림 신청 시 할인 서비스의 서비스팩 2종(일상팩/가족팩) 중 선택한 옵션에 대한 혜택이 제공되며, 그 외 서비스의 경우 전월실적 채워드림이 적용되지 않습니다.",생활비,12,Online,국내,할인,,,,,,,,,전월실적 채워드림 신청 시 할인 서비스의 서비스팩 2종(일상팩,2026-05-10 19:57:01
122,HCAMCXPRICAC0076_09771,혜택,국제브랜드 서비스,Mastercard 서비스,Mastercard 티타늄 기본서비스 안내,해외,19,Both,해외,서비스,,,,,,,,,Mastercard 브랜드 티타늄 등급의 카드 발급 시 해당 국제브랜드 서비스가 제공됩니다.,2026-05-10 19:57:01
123,HCAMCXPRICAC0076_09771,혜택,국제브랜드 서비스,Mastercard 서비스,"국내 공항 발레파킹 서비스 월 2회, 연 6회",,,Both,국내,서비스,,,,,,400000,2,,"국내 공항 발레파킹 서비스 | 월 2회, 연 6회 | 전월실적: 400000",2026-05-10 19:57:01
124,HCAMCXPRICAC0076_09771,혜택,국제브랜드 서비스,Mastercard 서비스,국내 공항 라운지 서비스 연 2회,항공,18,Both,국내,서비스,,,,,,400000,,,국내 공항 라운지 서비스 | 연 2회 | 전월실적: 400000,2026-05-10 19:57:01
125,HCAMCXPRICAC0076_09771,혜택,국제브랜드 서비스,Mastercard 서비스,"국내 호텔 발레파킹 서비스 월 2회, 연 6회",여행/숙박,17,Both,국내,서비스,,,,,,400000,2,,"국내 호텔 발레파킹 서비스 | 월 2회, 연 6회 | 전월실적: 400000",2026-05-10 19:57:01
126,HCAMCXPRICAC0076_09771,혜택,국제브랜드 서비스,JCB 서비스,JCB Platinum 기본서비스 안내,해외,19,Both,해외,서비스,,,,,,,,,JCB 브랜드 Platinum 등급의 카드 발급 시 해당 국제브랜드 서비스가 제공됩니다.,2026-05-10 19:57:01
127,HCAMCXPRICAC0076_09771,혜택,국제브랜드 서비스,JCB 서비스,"국내 공항 발레파킹 서비스 월 2회, 연 6회",,,Both,국내,서비스,,,,,,400000,2,,"국내 공항 발레파킹 서비스 | 월 2회, 연 6회 | 전월실적: 400000",2026-05-10 19:57:01
128,HCAMCXPRICAC0076_09771,혜택,국제브랜드 서비스,JCB 서비스,국내 공항 라운지 서비스 연 2회,항공,18,Both,국내,서비스,,,,,,400000,,,국내 공항 라운지 서비스 | 연 2회 | 전월실적: 400000,2026-05-10 19:57:01
129,HCAMCXPRICAC0076_09771,혜택,국제브랜드 서비스,JCB 서비스,"국내 호텔 발레파킹 서비스 월 2회, 연 6회",여행/숙박,17,Both,국내,서비스,,,,,,400000,2,,"국내 호텔 발레파킹 서비스 | 월 2회, 연 6회 | 전월실적: 400000",2026-05-10 19:57:01
130,HCAMCXPRICAC0076_09771,유의사항,확인사항,연체이자율,,,,,,,,,,,,,,,연체이자율 : 회원별,2026-05-10 19:57:01
131,HCAMCXPRICAC0076_09771,유의사항,확인사항,연체이자율,,,,,,,,,,,,,,,"단, 연체발생시점에 정상이자율이 없는 경우 아래와 같이 적용함",2026-05-10 19:57:01
132,HCAMCXPRICAC0076_09771,유의사항,확인사항,연체이자율,,,,,,,,,,,,,,,일시불 거래 연체시 : 거래발생시점의 최소기간(2개월) 유이자 할부 수수료율 적용,2026-05-10 19:57:01
133,HCAMCXPRICAC0076_09771,유의사항,확인사항,연체이자율,,,,,,,,,,,,,,,무이자할부 거래 연체시 : 거래발생시점의 동일한 할부계약기간의 유이자할부수수료율 적용,2026-05-10 19:57:01
134,HCAMCXPRICAC0076_09771,유의사항,확인사항,연체이자율,,,,,,,,,,,,,,,그 외의 경우: 정상이자율은 상법상 상사법정이율과 상호금융가계자금대출금리* 중 높은 금리 적용,2026-05-10 19:57:01
135,HCAMCXPRICAC0076_09771,유의사항,연회비,연회비,,,,,,,,,,,,,,,본인 발급유형 국내전용(Local),2026-05-10 19:57:01
136,HCAMCXPRICAC0076_09771,연회비,연회비,연회비,,,,,,,,,,,,,,,본인 기본연회비 국내전용(Local),2026-05-10 19:57:01
137,HCAMCXPRICAC0076_09771,연회비,연회비,연회비,,,,,,,,,,,,,,,본인 제휴연회비 국내전용(Local),2026-05-10 19:57:01
138,HCAMCXPRICAC0076_09771,연회비,연회비,연회비,,,,,,,,,,,,,,,본인 합계 국내전용(Local),2026-05-10 19:57:01
139,HCAMCXPRICAC0076_09771,유의사항,연회비,연회비,,,,,,,,,,,,,,,본인 발급유형 모바일: 모바일 단독,2026-05-10 19:57:01
140,HCAMCXPRICAC0076_09771,연회비,연회비,연회비,,,,,,,,,,,,,,,본인 기본연회비 모바일: 1천원,2026-05-10 19:57:01
141,HCAMCXPRICAC0076_09771,연회비,연회비,연회비,,,,,,,,,,,,,,,본인 제휴연회비 모바일: 2만3천원,2026-05-10 19:57:01
142,HCAMCXPRICAC0076_09771,연회비,연회비,연회비,,,,,,,,,,,,,,,본인 합계 모바일: 2만4천원,2026-05-10 19:57:01
143,HCAMCXPRICAC0076_09771,유의사항,연회비,연회비,,,,,,,,,,,,,,,"가족카드 연회비 7,000원(제휴연회비 7,000원)",2026-05-10 19:57:01
144,HCAMCXPRICAC0076_09771,유의사항,연회비,연회비,,,,,,,,,,,,,,,"연회비는 카드발급 시점 기준 1년 단위로 청구되며, 연회비 면제조건은 없습니다.",2026-05-10 19:57:01
145,HCAMCXPRICAC0076_09771,유의사항,연회비,연회비,,,,,,,,,,,,,,,해당 카드 연회비(기본연회비+제휴연회비)는 카드별로 청구됩니다.,2026-05-10 19:57:01
146,HCAMCXPRICAC0076_09771,유의사항,연회비,연회비,,,,,,,,,,,,,,,모바일 단독카드란 카드 실물없이 스마트폰 앱(KB Pay 등)에 카드정보를 등록하여 모바일로 이용 가능한 카드입니다.,2026-05-10 19:57:01
147,HCAMCXPRICAC0076_09771,유의사항,연회비,연회비,,,,,,,,,,,,,,,모바일 단독카드는 본인 명의의 휴대폰으로만 이용 가능합니다.,2026-05-10 19:57:01
148,HCAMCXPRICAC0076_09771,유의사항,연회비,연회비,,,,,,,,,,,,,,,KB YOU Prime 카드를 모바일 단독카드로 발급받는 경우 국내 일부 및 해외 오프라인 가맹점에서 사용이 제한됩니다.,2026-05-10 19:57:01
149,HCAMCXPRICAC0076_09771,유의사항,연회비,연회비,,,,,,,,,,,,,,,모바일 단독카드 신청 시 'KB국민모바일회원약관'을 반드시 확인바랍니다.,2026-05-10 19:57:01
150,HCAMCXPRICAC0076_09771,유의사항,연회비,연회비 반환 기준,,,,,,,,,,,,,,,"회원이 유효기간이 도래하기 전에 카드를 해지한 경우, 연회비 반환금액은 계약을 해지한 날부터 일할 계산하여 산정하며 10영업일 이내에 반환처리 됩니다. 다만, 부가서비스 제공내역 확인에 시간이 소요되는 등 불가피한 사유로 10영업일 이내에 반환하기 어려운 경우, 계약 해지일부터 3개월 이내에 반환할 수 있습니다. 회원이 이미 납부한 연회비에 반영된 다음의 비용은 금액산정에서 제외됩니다.",2026-05-10 19:57:01
151,HCAMCXPRICAC0076_09790,혜택,주요혜택,교육,교육,교육/육아,20,Both,국내,할인,10000,원,,,,,,,교육관련 업종 1만원/2만원/3만원 청구할인,2026-05-10 19:57:02
152,HCAMCXPRICAC0076_09790,혜택,주요혜택,KB Pay 결제,KB Pay 결제,교육/육아,20,Both,국내,할인,3000,원,,,,,,,교육 관련 업종에서 KB Pay로 결제 시3천원 추가 청구할인,2026-05-10 19:57:02
153,HCAMCXPRICAC0076_09790,혜택,주요혜택,생활,생활,생활비,12,Online,국내,할인,5000,원,,,,,,,생활 영역 5천원 청구할인,2026-05-10 19:57:02
154,HCAMCXPRICAC0076_09790,혜택,상세혜택,교육 관련 업종* (40만원 이상),교육 관련 업종* 5%,교육/육아,20,Both,국내,할인,5,%,,,,400000,,10000,교육 관련 업종* | 5% | 전월실적: 400000 | 월한도: 1만원,2026-05-10 19:57:02
155,HCAMCXPRICAC0076_09790,혜택,상세혜택,교육 관련 업종* (80만원 이상),교육 관련 업종* 5%,교육/육아,20,Both,국내,할인,5,%,,,,800000,,20000,교육 관련 업종* | 5% | 전월실적: 800000 | 월한도: 2만원,2026-05-10 19:57:02
156,HCAMCXPRICAC0076_09790,혜택,상세혜택,교육 관련 업종* (160만원 이상),교육 관련 업종* 5%,교육/육아,20,Both,국내,할인,5,%,,,,1600000,,30000,교육 관련 업종* | 5% | 전월실적: 1600000 | 월한도: 3만원,2026-05-10 19:57:02
157,HCAMCXPRICAC0076_09790,혜택,상세혜택,KB Pay 결제 시 추가 할인 (80만원 이상),KB Pay 결제 시 추가 할인 5%,페이/간편결제,10,Both,국내,할인,5,%,,,,800000,,3000,KB Pay 결제 시 추가 할인 | 5% | 전월실적: 800000 | 월한도: 3천원,2026-05-10 19:57:02
158,HCAMCXPRICAC0076_09790,혜택,상세혜택,"병원, 약국, 커피 (80만원 이상)","병원, 약국, 커피 5%",의료,21,Both,국내,할인,5,%,,,,800000,,5000,"병원, 약국, 커피 | 5% | 전월실적: 800000 | 월한도: 5천원",2026-05-10 19:57:02
159,HCAMCXPRICAC0076_09790,유의사항,확인사항,할인(적립) 서비스 적용,,,,,,,,,,,,,,,업종별로 적용되는 할인(적립)서비스는 이용 가맹점이 해당 카드 할인대상 KB국민카드 가맹점 업종코드로 등록된 경우에 한하여 제공됩니다.,2026-05-10 19:57:02
160,HCAMCXPRICAC0076_09790,유의사항,확인사항,할인(적립) 서비스 적용,,,,,,,,,,,,,,,"PG(인터넷) 업체를 통한 결제 및 호텔, 백화점, 대형마트, 철도역사, 아울렛 매장 등에 입점한 가맹점의 경우 할인(적립) 대상에서 제외됩니다.",2026-05-10 19:57:02
161,HCAMCXPRICAC0076_09790,유의사항,확인사항,할인(적립) 서비스 적용,,,,,,,,,,,,,,,"미할인(적립) 대상 가맹점의 업종코드가 할인(적립)대상 업종코드로 변경된 경우 변경일 익영업일부터 매입되는 건에 대해서 할인(적립) 적용되며, 변경 전 이용(승인) 건에 대해서 소급하여 할인(적립)되지 않습니다.",2026-05-10 19:57:02
162,HCAMCXPRICAC0076_09790,유의사항,확인사항,할인(적립) 서비스 적용,,,,,,,,,,,,,,,"가맹점 사정으로 복수의 가맹점을 소유한 경우, 승인되는 가맹점에 따라 할인(적립)이 제외될 수 있습니다.",2026-05-10 19:57:02
163,HCAMCXPRICAC0076_09790,유의사항,확인사항,할인(적립) 서비스 적용,,,,,,,,,,,,,,,할인(적립) 대상 이용(승인) 건은 이용 순서가 아닌 전표매입 순서대로 할인(적립)한도 내에서 할인(적립)됩니다.,2026-05-10 19:57:02
164,HCAMCXPRICAC0076_09790,유의사항,확인사항,할인(적립) 서비스 적용,,,,,,,,,,,,,,,"예시) 이마트 KB국민카드로 이마트에서 11월 11일 20만원, 11월 12일 10만원을 이용(승인)하였으나 이마트에서 11월 12일 10만원 이용금액을 먼저 전표매입하는 경우 11월 12일 10만원 이용금액에 대해서 우선 할인이 적용됩니다.",2026-05-10 19:57:02
165,HCAMCXPRICAC0076_09790,유의사항,확인사항,할인(적립) 서비스 적용,,,,,,,,,,,,,,,"주유 할인(적립)은 해당 정유사에서 KB국민카드로 고시하는 휘발유가 기준으로 제공되며, 이용하신 각 주유소별 유가차이 및 유종에 따라 할인(적립)금액에 차이가 발생할 수 있습니다.",2026-05-10 19:57:02
166,HCAMCXPRICAC0076_09790,유의사항,확인사항,할인(적립) 서비스 적용,,,,,,,,,,,,,,,특정 정유사와 제휴되지 않은 주유할인(적립) 서비스는 KB국민카드에서 지정한 정유사의 고시 휘발유가를 기준으로 제공됩니다.,2026-05-10 19:57:02
167,HCAMCXPRICAC0076_09790,유의사항,확인사항,할인(적립) 서비스 적용,,,,,,,,,,,,,,,놀이공원 할인 연간 횟수 산정 기준이 회원별인 경우 해당 놀이공원에서 매년(1월~12월) 할인 받은 횟수 전체를 합산하여 연간 횟수를 제한합니다.,2026-05-10 19:57:02
168,HCAMCXPRICAC0076_09790,유의사항,확인사항,할인(적립)서비스 제외매출,,,,,,,,,,,,,,,"할인(적립) 서비스 제외매출은 다음과 같으며, 카드별 별도 조건은 해당 카드 안내를 참조하시기 바랍니다.",2026-05-10 19:57:02
169,HCAMCXPRICAC0076_09790,유의사항,확인사항,할인(적립)서비스 제외매출,,,,,,,,,,,,,,,"무이자할부 이용금액, 단기카드대출(현금서비스), 장기카드대출(카드론), 지방세, 정부지원금, 대학(대학원)등록금, 각종 수수료 및 이자, 연체료, 연회비, 상품권 및 선불카드(선불전자지급수단 포함) 구입",2026-05-10 19:57:02
170,HCAMCXPRICAC0076_09790,유의사항,확인사항,연체이자율,,,,,,,,,,,,,,,연체이자율 : 회원별,2026-05-10 19:57:02
171,HCAMCXPRICAC0076_09790,유의사항,확인사항,연체이자율,,,,,,,,,,,,,,,"단, 연체발생시점에 정상이자율이 없는 경우 아래와 같이 적용함",2026-05-10 19:57:02
172,HCAMCXPRICAC0076_09790,유의사항,확인사항,연체이자율,,,,,,,,,,,,,,,일시불 거래 연체시 : 거래발생시점의 최소기간(2개월) 유이자 할부 수수료율 적용,2026-05-10 19:57:02
173,HCAMCXPRICAC0076_09790,유의사항,확인사항,연체이자율,,,,,,,,,,,,,,,무이자할부 거래 연체시 : 거래발생시점의 동일한 할부계약기간의 유이자할부수수료율 적용,2026-05-10 19:57:02
174,HCAMCXPRICAC0076_09790,유의사항,확인사항,연체이자율,,,,,,,,,,,,,,,그 외의 경우: 정상이자율은 상법상 상사법정이율과 상호금융 가계자금대출금리* 중 높은 금리 적용 * 한국은행에서 매월 발표하는 가장 최근의 비은행 금융기관 가중평균대출금리(신규대출 기준),2026-05-10 19:57:02
175,HCAMCXPRICAC0076_09790,유의사항,확인사항,기타,,,,,,,,,,,,,,,"상품별로 서비스 제공조건이 별도로 존재할 수 있으니, 세부내용은 해당 상품서비스 내용을 참조하여 주시기 바랍니다.",2026-05-10 19:57:02
176,HCAMCXPRICAC0076_09790,유의사항,확인사항,기타,,,,,,,,,,,,,,,"할인(적립) 서비스 제공 관련 카드별 실적 유예기간은 본인회원이 해당카드를 생애 최초 발급받은 경우에 적용되며, 가족카드 단독 발급 시 적용되지 않습니다.",2026-05-10 19:57:02
177,HCAMCXPRICAC0076_09790,유의사항,확인사항,기타,,,,,,,,,,,,,,,할인(적립) 서비스는 제휴업체 정책에 따라 타 할인(적립)카드와 중복할인(적립)이 제한될 수 있습니다.,2026-05-10 19:57:02
178,HCAMCXPRICAC0076_09790,유의사항,확인사항,기타,,,,,,,,,,,,,,,할인,2026-05-10 19:57:02
179,HCAMCXPRICAC0076_09790,유의사항,확인사항,기타,,,,,,,,,,,,,,,"적립시점 기준 60개월이 경과한 각종 포인트(KB포인트리, 금융포인트, 스타마일, 현대자동차포인트, 기아자동차포인트, S-Oil KB포인트 등 포함)는 선입선출 방식으로 월 단위로 소멸됩니다.",2026-05-10 19:57:02
180,HCAMCXPRICAC0076_09790,유의사항,연회비,연회비,,,,,,,,,,,,,,,본인 국내전용(Local) 모바일: 일반(실물카드),2026-05-10 19:57:02
181,HCAMCXPRICAC0076_09790,연회비,연회비,연회비,,,,,,,,,,,,,,,본인 국내외겸용(Visa) 모바일: 2만5천원(기본 7천원 + 제휴 1만8천원),2026-05-10 19:57:02
182,HCAMCXPRICAC0076_09790,연회비,연회비,연회비,,,,,,,,,,,,,,,본인 국내외겸용(UnionPay) 모바일: 2만6천원(기본 7천원 + 제휴 1만9천원),2026-05-10 19:57:02
183,HCAMCXPRICAC0076_09790,유의사항,연회비,연회비,,,,,,,,,,,,,,,본인 국내전용(Local) 모바일: 모바일단독카드,2026-05-10 19:57:02
184,HCAMCXPRICAC0076_09790,연회비,연회비,연회비,,,,,,,,,,,,,,,본인 국내외겸용(Visa) 모바일: 1만9천원(기본 1천원 + 제휴 1만8천원),2026-05-10 19:57:02
185,HCAMCXPRICAC0076_09790,연회비,연회비,연회비,,,,,,,,,,,,,,,본인 국내외겸용(UnionPay) 모바일: 2만원(기본 1천원 + 제휴 1만9천원),2026-05-10 19:57:02
186,HCAMCXPRICAC0076_09790,유의사항,연회비,연회비,,,,,,,,,,,,,,,"연회비는 카드발급 시점을 기준으로 1년 단위로 청구되며, 최초",2026-05-10 19:57:02
187,HCAMCXPRICAC0076_09790,유의사항,연회비,연회비,,,,,,,,,,,,,,,해당 카드 연회비(기본연회비+제휴연회비)는 카드별로 청구됩니다.,2026-05-10 19:57:02
188,HCAMCXPRICAC0076_09790,유의사항,연회비,연회비 반환 기준,,,,,,,,,,,,,,,"회원이 유효기간이 도래하기 전에 카드를 해지한 경우, 연회비 반환금액은 계약을 해지한 날부터 일 단위로 계산하여 산정하며, 10영업일 이내에 반환 처리 됩니다. 다만, 부가서비스 제공내역 확인에 시간이 소요되는 등의 불가피한 사유로 10영업일 이내에 반환하기 어려운 경우, 계약 해지일로부터 3개월 이내에 반환할 수 있습니다. 회원이 이미 납부한 연회비에 반영된 다음의 비용은 금액산정에서 제외됩니다.",2026-05-10 19:57:02
189,HCAMCXPRICAC0076_09790,유의사항,연회비,연회비 반환 기준,,,,,,,,,,,,,,,①카드의 발행·배송 등 카드발급(신규발급)에 소요된 비용,2026-05-10 19:57:02
190,HCAMCXPRICAC0076_09790,유의사항,연회비,연회비 반환 기준,,,,,,,,,,,,,,,②카드 이용 시 제공되는 추가적인 혜택 (기프트 제공 비용) 등 부가서비스 제공에 소요된 비용,2026-05-10 19:57:02
191,HCAMCXPRICAC0076_09790,유의사항,연회비,연회비 반환 기준,,,,,,,,,,,,,,,모바일 단독카드란 카드 실물없이 스마트폰 앱(KB Pay 등)에 카드정보를 등록하여 모바일로 이용 가능한 카드입니다.,2026-05-10 19:57:02
192,HCAMCXPRICAC0076_09790,유의사항,연회비,연회비 반환 기준,,,,,,,,,,,,,,,모바일 단독카드는 본인 명의의 휴대폰으로만 이용 가능합니다.,2026-05-10 19:57:02
193,HCAMCXPRICAC0076_09790,유의사항,연회비,연회비 반환 기준,,,,,,,,,,,,,,,모바일 단독카드 신청 시 'KB국민 모바일 회원약관'을 반드시 확인 바랍니다.,2026-05-10 19:57:02
194,HCAMCXPRICAC0076_09790,유의사항,연회비,연회비 반환 기준,,,,,,,,,,,,,,,「KB NEED Edu카드」를 모바일 단독카드로 발급받는 경우 국내 일부 및 해외 오프라인 가맹점에서 사용이 제한됩니다.,2026-05-10 19:57:02
194,HCAMCXPRICAC0076_09562,혜택,주요혜택,해외 혜택,,해외,19,Both,해외,서비스,,,,,,,,,해외 가맹점이용 수수료 면제,2026-05-10 19:57:04
195,HCAMCXPRICAC0076_09562,혜택,주요혜택,해외 혜택,,해외,19,Both,해외,서비스,,,,,,,,,해외 ATM이용 수수료 면제,2026-05-10 19:57:04
196,HCAMCXPRICAC0076_09562,혜택,주요혜택,국내 혜택,,페이/간편결제,10,Both,국내,할인,200,원,,,,,,,온오프라인 KB Pay200원 추가 할인,2026-05-10 19:57:04
197,HCAMCXPRICAC0076_09562,혜택,주요혜택,국내 혜택,,커피/카페/베이커리,14,Both,국내,할인,1000,원,,,,,,,"커피음료전문점 업종1,000원 할인",2026-05-10 19:57:04
198,HCAMCXPRICAC0076_09562,혜택,주요혜택,국내 혜택,,커피/카페/베이커리,14,Both,국내,할인,2000,원,,,,,,,"제과아이스크림 업종2,000원 할인",2026-05-10 19:57:04
199,HCAMCXPRICAC0076_09562,혜택,주요혜택,국내 혜택,,대중교통/택시,5,Offline,국내,할인,5000,원,,,,,,,"철도 업종5,000원 할인",2026-05-10 19:57:04
200,HCAMCXPRICAC0076_09562,혜택,주요혜택,국내 혜택,,대중교통/택시,5,Offline,국내,할인,2000,원,,,,,,,"고속시외버스 업종2,000원 할인",2026-05-10 19:57:04
201,HCAMCXPRICAC0076_09562,혜택,주요혜택,국내 혜택,,자동차/주유,6,Offline,국내,할인,500,원,,,,,,,주차장 업종500원 할인,2026-05-10 19:57:04
202,HCAMCXPRICAC0076_09562,혜택,주요혜택,국내 혜택,,외식,16,Both,국내,할인,5000,원,,,,,,,"푸딘코 선정 전국맛집 5,000원 할인",2026-05-10 19:57:04
203,HCAMCXPRICAC0076_09562,혜택,상세혜택,서비스 요약,국제브랜드수수료 1% 면제,해외,19,Both,해외,서비스,1,%,,,,,,,국제브랜드수수료 1% 면제,2026-05-10 19:57:04
204,HCAMCXPRICAC0076_09562,혜택,상세혜택,서비스 요약,해외서비스수수료 0.25% 면제,해외,19,Both,해외,서비스,0.25,%,,,,,,,해외서비스수수료 0.25% 면제,2026-05-10 19:57:04
205,HCAMCXPRICAC0076_09562,혜택,상세혜택,ATM 이용,ATM 이용 면제,해외,19,Both,해외,서비스,,,,,,,10,,ATM 이용 | 국제브랜드수수료 1% + 해외서비스수수료 건당 3$ | 면제 | 월한도: 월 10회,2026-05-10 19:57:04
206,HCAMCXPRICAC0076_09562,혜택,상세혜택,KB Pay,KB Pay 200원,페이/간편결제,10,Both,국내,서비스,200,원,,,10000,,10,2000,KB Pay | 온오프라인 KB Pay 1만원 이상 결제 시 | 추가 200원 | 월한도: 월 10회(월 2천원 이내),2026-05-10 19:57:04
207,HCAMCXPRICAC0076_09562,혜택,상세혜택,카페,"카페 1,000원",커피/카페/베이커리,14,Both,국내,서비스,1000,원,,,5000,,1,1000,"카페 | 커피음료전문점 업종 5천원 이상 결제 시 | 1,000원 | 월한도: 월 1회(월 1천원 이내)",2026-05-10 19:57:04
208,HCAMCXPRICAC0076_09562,혜택,상세혜택,빵집,"빵집 2,000원",커피/카페/베이커리,14,Both,국내,서비스,2000,원,,,10000,,1,2000,"빵집 | 제과아이스크림 업종 1만원 이상 결제 시 | 2,000원 | 월한도: 월 1회(월 2천원 이내)",2026-05-10 19:57:04
209,HCAMCXPRICAC0076_09562,혜택,상세혜택,철도,"철도 5,000원",대중교통/택시,5,Offline,국내,서비스,5000,원,,,20000,,1,5000,"철도 | 철도 업종 2만원 이상 결제 시 | 5,000원 | 월한도: 월 1회(월 5천원 이내)",2026-05-10 19:57:04
210,HCAMCXPRICAC0076_09562,혜택,상세혜택,고속버스,"고속버스 2,000원",대중교통/택시,5,Offline,국내,서비스,2000,원,,,10000,,1,2000,"고속버스 | 고속/시외버스 업종 1만원 이상 결제 시 | 2,000원 | 월한도: 월 1회(월 2천원 이내)",2026-05-10 19:57:04
211,HCAMCXPRICAC0076_09562,혜택,상세혜택,주차장,주차장 500원,자동차/주유,6,Offline,국내,서비스,500,원,,,1000,,6,3000,주차장 | 주차장 업종 1천원 이상 결제 시 | 500원 | 월한도: 월 6회(월 3천원 이내),2026-05-10 19:57:04
212,HCAMCXPRICAC0076_09562,혜택,상세혜택,전국맛집,"전국맛집 5,000원",외식,16,Both,국내,서비스,5000,원,,,20000,,1,5000,"전국맛집 | 푸딘코 선정 맛집 2만원 이상 결제 시 | 5,000원 | 월한도: 월 1회(월 5천원 이내)",2026-05-10 19:57:04
213,HCAMCXPRICAC0076_09562,혜택,상세혜택,해외,"해외 가맹점, ATM 이용 수수료 면제",해외,19,Both,해외,서비스,,,,,,,,,"해외 가맹점, ATM 이용 수수료 면제",2026-05-10 19:57:04
214,HCAMCXPRICAC0076_09562,혜택,상세혜택,KB Pay,KB Pay 200원 추가 할인,페이/간편결제,10,Both,국내,할인,200,원,,,,,,,KB Pay 200원 추가 할인,2026-05-10 19:57:04
215,HCAMCXPRICAC0076_09562,혜택,상세혜택,카페,"카페 1,000원 할인",커피/카페/베이커리,14,Both,국내,할인,1000,원,,,,,,,"카페 1,000원 할인",2026-05-10 19:57:04
216,HCAMCXPRICAC0076_09562,혜택,상세혜택,빵집,"빵집 2,000원 할인",커피/카페/베이커리,14,Both,국내,할인,2000,원,,,,,,,"빵집 2,000원 할인",2026-05-10 19:57:04
217,HCAMCXPRICAC0076_09562,혜택,상세혜택,철도,"철도 5,000원 할인",대중교통/택시,5,Offline,국내,할인,5000,원,,,,,,,"철도 5,000원 할인",2026-05-10 19:57:04
218,HCAMCXPRICAC0076_09562,혜택,상세혜택,고속버스,"고속버스 2,000원 할인",대중교통/택시,5,Offline,국내,할인,2000,원,,,,,,,"고속버스 2,000원 할인",2026-05-10 19:57:04
219,HCAMCXPRICAC0076_09562,혜택,상세혜택,주차장,주차장 500원 할인,자동차/주유,6,Offline,국내,할인,500,원,,,,,,,주차장 500원 할인,2026-05-10 19:57:04
220,HCAMCXPRICAC0076_09562,혜택,상세혜택,전국맛집,"전국맛집 5,000원 할인",외식,16,Both,국내,할인,5000,원,,,,,,,"전국맛집 5,000원 할인",2026-05-10 19:57:04
221,HCAMCXPRICAC0076_09562,유의사항,확인사항,KB국민 트래블러스 체크카드 이용,,,,,,,,,,,,,,,"트래블러스 체크카드는 KB국민은행 입출금통장을 국내 결제계좌로 등록하는 직불카드(체크카드)이며, 해외 이용시 KB Pay 외화머니 또는 KB국민은행 외화통장 중 1개를 해외 결제계좌로 선택해서 외화로 이용 가능합니다.",2026-05-10 19:57:04
222,HCAMCXPRICAC0076_09562,유의사항,확인사항,KB국민 트래블러스 체크카드 이용,,,,,,,,,,,,,,,국내 가맹점 이용은 KB국민은행 결제(출금)계좌에서 원화 출금됩니다.,2026-05-10 19:57:04
223,HCAMCXPRICAC0076_09562,유의사항,확인사항,KB국민 트래블러스 체크카드 이용,,,,,,,,,,,,,,,해외 이용시 고객님께서 설정하신 해외 결제계좌(KB Pay 외화머니 또는 KB국민은행 외화통장)에서 외화 출금됩니다.,2026-05-10 19:57:04
224,HCAMCXPRICAC0076_09562,유의사항,확인사항,KB국민 트래블러스 체크카드 이용,,,,,,,,,,,,,,,"국내 이용 환급할인은 결제(출금)계좌로 원화 입금되며, 후불교통 이용, 소액신용, 무승인 매입건은 결제계좌에서 원화 출금됩니다.",2026-05-10 19:57:04
225,HCAMCXPRICAC0076_09562,유의사항,확인사항,KB국민 트래블러스 체크카드 이용,,,,,,,,,,,,,,,KB Pay 외화머니로 환전 가능한 통화 종류는 KB국민카드 홈페이지(www.kbcard.com)에서 확인 가능합니다.,2026-05-10 19:57:04
226,HCAMCXPRICAC0076_09562,유의사항,확인사항,KB국민 트래블러스 체크카드 이용,,,,,,,,,,,,,,,"외화머니 충전, 결제 등과 관련된 정책은 KB Pay 머니 서비스 이용약관, KB Pay 외화 머니 서비스 이용약관을 따르며 자세한 내용은 KB Pay APP 또는 KB국민카드 홈페이지(card.kbcard.com)를 참고하시기 바랍니다.",2026-05-10 19:57:04
227,HCAMCXPRICAC0076_09562,유의사항,확인사항,KB국민 트래블러스 체크카드 이용,,,,,,,,,,,,,,,외화통장은 KB국민은행이 지정한 외화예금상품으로만 가능합니다. 외화통장 관련 자세한 내용은 KB국민은행에 문의바랍니다.,2026-05-10 19:57:04
228,HCAMCXPRICAC0076_09562,유의사항,확인사항,[국내이용 안내],,,,,,,,,,,,,,,국내 가맹점 이용 시 국내 결제(출금)계좌에서 원화로 출금됩니다.,2026-05-10 19:57:04
229,HCAMCXPRICAC0076_09562,유의사항,확인사항,[국내이용 안내],,,,,,,,,,,,,,,"현금인출(CD) 기능 등록 시 국내 ATM에서 현금인출 가능하며, 국내 결제 계좌에서 인출됩니다.",2026-05-10 19:57:04
230,HCAMCXPRICAC0076_09562,유의사항,확인사항,[해외이용 안내],,,,,,,,,,,,,,,해외 가맹점 및 해외 ATM 이용을 위해 KB Pay 외화머니 또는 KB국민은행 외화통장에 잔액을 보유하셔야 합니다.,2026-05-10 19:57:04
231,HCAMCXPRICAC0076_09562,유의사항,확인사항,[해외이용 안내],,,,,,,,,,,,,,,해외 이용시 결제계좌는 KB Pay에서 등록 및 변경 가능합니다. (외화머니 ↔ 외화통장),2026-05-10 19:57:04
232,HCAMCXPRICAC0076_09562,유의사항,확인사항,[해외이용 안내],,,,,,,,,,,,,,,트래블러스 체크카드는 해외원화결제서비스(DCC) 이용이 불가합니다.,2026-05-10 19:57:04
233,HCAMCXPRICAC0076_09562,유의사항,확인사항,[해외이용 안내],,,,,,,,,,,,,,,무승인,2026-05-10 19:57:04
234,HCAMCXPRICAC0076_09562,유의사항,확인사항,[해외이용 안내],,,,,,,,,,,,,,,"단, 출금시점에 해외 결제계좌 잔액부족 시 체크카드 결제일에 국내 결제계좌에서 전액 원화 출금됩니다.",2026-05-10 19:57:04
235,HCAMCXPRICAC0076_09562,유의사항,확인사항,[해외이용 안내],,,,,,,,,,,,,,,T&E(Travel&Entertainment)업종 : 항공,2026-05-10 19:57:04
236,HCAMCXPRICAC0076_09562,유의사항,확인사항,[해외이용 안내],,,,,,,,,,,,,,,T&E업종을 이용하신 상태에서 추가적으로 이용하실 경우 아직 출금되지 않은 T&E업종 이용금액과 결제하실 금액의 합계만큼 외화 잔액을 보유하고 계셔야 이용가능합니다.,2026-05-10 19:57:04
237,HCAMCXPRICAC0076_09562,유의사항,확인사항,[해외이용 안내],,,,,,,,,,,,,,,"이용대금이 매입일에 확정되는 거래에 있어 승인시점 출금 금액과 전표 매입 금액간 차이가 발생하는 경우 해외 결제계좌에서 추가 출금 또는 환급될 수 있습니다. (단, 해외 결제계좌 잔액 부족시 체크카드 결제일에 국내 결제계좌에서 원화 출금 됩니다.)",2026-05-10 19:57:04
238,HCAMCXPRICAC0076_09562,유의사항,확인사항,체크카드 이용제한,,,,,,,,,,,,,,,매월 세번째 일요일 00:00 ~ 06:00 중에는 은행 전산시스템 점검 관련으로 이용이 제한될 수 있습니다.,2026-05-10 19:57:04
239,HCAMCXPRICAC0076_09562,유의사항,확인사항,영업 마감시간 이후 결제계좌 출금,,,,,,,,,,,,,,,결제계좌 개설 기관의 영업 마감시간(16시) 이후 입금 된 금액에 대해서는 당일 출금되지 못하여 연체 처리 될 수 있으니 유의하시기 바랍니다. 자동이체 업무 마감시간 이후 당사 홈페이지,2026-05-10 19:57:04
240,HCAMCXPRICAC0076_09562,유의사항,확인사항,상품이용한도,,,,,,,,,,,,,,,상품이용한도는 특정 상품에만 부여되는 개별 이용한도로 변경(증액 또는 감액)이 불가합니다.,2026-05-10 19:57:04
241,HCAMCXPRICAC0076_09562,유의사항,확인사항,상품이용한도,,,,,,,,,,,,,,,"상품이용한도는 국내외 이용을 모두 합산한 금액 기준이며, 해외이용은 원화 환산액 기준으로 산정합니다.",2026-05-10 19:57:04
242,HCAMCXPRICAC0076_09562,유의사항,확인사항,상품이용한도,,,,,,,,,,,,,,,상품이용한도가 부여되는 체크카드는 체크카드 직불이용한도가 아닌 상품이용한도 내에서 이용됩니다.,2026-05-10 19:57:04
243,HCAMCXPRICAC0076_09562,유의사항,확인사항,상품이용한도,,,,,,,,,,,,,,,동일계열카드는 상품이용한도가 합산됩니다.,2026-05-10 19:57:04
244,HCAMCXPRICAC0076_09562,유의사항,확인사항,체크카드 후불교통기능,,,,,,,,,,,,,,,"버스, 지하철 등 교통이용이 가능하고, 월 1회 체크카드 결제계좌에서 아래의 지정된 결제일에 자동 출금됩니다.",2026-05-10 19:57:04
245,HCAMCXPRICAC0076_09562,유의사항,확인사항,체크카드 후불교통기능,,,,,,,,,,,,,,,"정상 출금되지 않은 경우 연체에 따른 교통기능 이용이 불가할 수 있으며, 미납금액에 대해서는 연체료가 부과됩니다.",2026-05-10 19:57:04
246,HCAMCXPRICAC0076_09562,유의사항,확인사항,체크카드 후불교통기능,,,,,,,,,,,,,,,"미성년자 후불교통(RF) 이용한도는 5만원 이하로, 교통카드 이용내역 및 금액 정산 체계에 따른 일시적 이용한도 초과 사용이 가능합니다.",2026-05-10 19:57:04
247,HCAMCXPRICAC0076_09562,유의사항,확인사항,체크카드 후불교통기능,,,,,,,,,,,,,,,"CMS 결제기관 제휴 체크카드는 후불교통(RF) 이용대금이 다음과 같이 청구됩니다.* 청구횟수: 월 1회, 청구일: 해당 제휴 체크카드 결제일",2026-05-10 19:57:04
248,HCAMCXPRICAC0076_09562,유의사항,확인사항,미성년자 후불교통 체크카드 이용,,,,,,,,,,,,,,,"법정 대리인의 동의를 받은 미성년자는 청소년 후불교통 체크카드를 발급 받을 수 있으며, 전체 카드사 기준 1인 1매만 소지 가능합니다.",2026-05-10 19:57:04
249,HCAMCXPRICAC0076_09562,유의사항,확인사항,미성년자 후불교통 체크카드 이용,,,,,,,,,,,,,,,"월 이용한도는 5만원 이하이나, 교통카드 이용내역 및 금액 정산 체계로 일시적 이용한도 초과 사용이 가능합니다.",2026-05-10 19:57:04
250,HCAMCXPRICAC0076_09562,유의사항,확인사항,체크카드 해외이용 시 출금방식,,,,,,,,,,,,,,,일반 가맹점 이용 시 : 승인시점 즉시 계좌 출금,2026-05-10 19:57:04
251,HCAMCXPRICAC0076_09562,유의사항,확인사항,체크카드 해외이용 시 출금방식,,,,,,,,,,,,,,,"무승인, T&E업종 이용 시 : 전표 매입시점 계좌 출금 (승인시점 이후 평균 1주일 소요)",2026-05-10 19:57:04
252,HCAMCXPRICAC0076_09562,유의사항,확인사항,체크카드 해외이용 시 출금방식,,,,,,,,,,,,,,,"T&E 업종 : 항공, 렌터카, 호텔, 무인주유기 등 여행 및 여가 관련 업종",2026-05-10 19:57:04
253,HCAMCXPRICAC0076_09562,유의사항,확인사항,체크카드 해외이용 시 출금방식,,,,,,,,,,,,,,,승인시점 금액과 매입시점 금액이 상이한 경우,2026-05-10 19:57:04
254,HCAMCXPRICAC0076_09562,유의사항,확인사항,체크카드 해외이용 시 출금방식,,,,,,,,,,,,,,,승인시점 금액이 매입시점 금액보다 큰 경우 : 차액 계좌환급,2026-05-10 19:57:04
255,HCAMCXPRICAC0076_09562,유의사항,확인사항,체크카드 해외이용 시 출금방식,,,,,,,,,,,,,,,"승인시점 금액이 매입시점 금액보다 적은 경우 : 차액 추가 출금되며, 계좌잔액 부족 시 차액 신용청구 됩니다.",2026-05-10 19:57:04
256,HCAMCXPRICAC0076_09562,유의사항,확인사항,체크카드 해외이용 시 출금방식,,,,,,,,,,,,,,,매입시점 계좌잔액 부족으로 신용청구 될 경우 회원님의 신용한도가 차감됩니다. (소액신용결제서비스 등록 회원일 경우 소액신용한도가 차감됩니다),2026-05-10 19:57:04
257,HCAMCXPRICAC0076_09562,유의사항,확인사항,참고사항,,,,,,,,,,,,,,,해외이용 시 거래유형 및 카드 종류에 관계없이 은행계좌당 1일 최대 600만원 상당의 미화 환산액 범위 내에서이용 가능합니다.,2026-05-10 19:57:04
258,HCAMCXPRICAC0076_09562,유의사항,확인사항,참고사항,,,,,,,,,,,,,,,"마에스트로(Maestro) 체크카드는 해외 무승인, T&E 업종, 해외 웹사이트에서 이용 불가합니다.",2026-05-10 19:57:04
259,HCAMCXPRICAC0076_09562,유의사항,확인사항,참고사항,,,,,,,,,,,,,,,"은련(UPI) 체크카드는 해외 무승인, T&E 업종 이용 불가합니다.",2026-05-10 19:57:04
260,HCAMCXPRICAC0076_09562,유의사항,확인사항,참고사항,,,,,,,,,,,,,,,비거주자 및 재외동포는 외국환 거래 규정에 의하여 해외사용이 불가합니다.,2026-05-10 19:57:04
261,HCAMCXPRICAC0076_09562,유의사항,확인사항,참고사항,,,,,,,,,,,,,,,외국인 거주자의 해외 이용 (KB국민은행 영업점에서 해외사용등록 신청 후 이용 가능합니다.),2026-05-10 19:57:04
262,HCAMCXPRICAC0076_09562,유의사항,확인사항,참고사항,,,,,,,,,,,,,,,KB국민은행 영업점에서 해외사용등록 신청 후 이용이 가능합니다.,2026-05-10 19:57:04
263,HCAMCXPRICAC0076_09562,유의사항,확인사항,참고사항,,,,,,,,,,,,,,,외국환 거래규정상 외국인 거주자인 경우는 별도의 거래등록을 통해 연간 미화 5만불 한도 내에서(송금 및 환전 포함) 해외 예금인출 및 해외 신용카드 가맹점 또는 직불카드 가맹점 이용이 가능합니다. (비거주자 및 재외동포는 이용이불가합니다.),2026-05-10 19:57:04
264,HCAMCXPRICAC0076_09562,유의사항,확인사항,참고사항,,,,,,,,,,,,,,,체크카드 이용 시 적용 환율,2026-05-10 19:57:04
265,HCAMCXPRICAC0076_09562,유의사항,확인사항,참고사항,,,,,,,,,,,,,,,일반가맹점 이용: 승인시점 KB국민은행 전신환매도율(전신송금환율),2026-05-10 19:57:04
266,HCAMCXPRICAC0076_09562,유의사항,확인사항,참고사항,,,,,,,,,,,,,,,무승인,2026-05-10 19:57:04
267,HCAMCXPRICAC0076_09562,유의사항,확인사항,참고사항,,,,,,,,,,,,,,,"일부 해외 거래 시 IC칩 비밀번호(PIN)을 요구하는 경우가 있으므로, 출국 전 반드시 IC칩 비밀번호(PIN) 등록여부를 확인하시기 바랍니다.",2026-05-10 19:57:04
268,HCAMCXPRICAC0076_09562,유의사항,확인사항,이용실적 제외 대상,,,,,,,,,,,,,,,"체크카드 공통 실적제외 대상 외 카드 별 이용실적 제외 대상이 별도로 존재할 수 있으니, 반드시 해당카드 안내를 참조하시기 바랍니다.",2026-05-10 19:57:04
269,HCAMCXPRICAC0076_09562,유의사항,확인사항,기타,,,,,,,,,,,,,,,체크카드 소액신용결제서비스 신청 시 소액신용결제서비스로 이용된 금액은 체크카드 결제일에 결제계좌로 신용청구됩니다.,2026-05-10 19:57:04
270,HCAMCXPRICAC0076_09562,유의사항,확인사항,기타,,,,,,,,,,,,,,,체크카드로 철도승차권 예매 후 취소 시 반환수수료는 체크카드 결제일에 결제계좌로 신용 청구됩니다.,2026-05-10 19:57:04
271,HCAMCXPRICAC0076_09562,유의사항,확인사항,기타,,,,,,,,,,,,,,,"외국인 고객님께서 교통(RF)기능 탑재 상품 발급을 원할 시, 고객센터로 문의 주시기 바랍니다.",2026-05-10 19:57:04
272,HCAMCXPRICAC0076_09562,유의사항,연회비,KB국민 트래블러스 체크카드 이용,,,,,,,,,,,,,,,"트래블러스 체크카드는 KB국민은행 입출금통장을 국내 결제계좌로 등록하는 직불카드(체크카드)이며, 해외 이용시 KB Pay 외화머니 또는 KB국민은행 외화통장 중 1개를 해외 결제계좌로 선택해서 외화로 이용 가능합니다.",2026-05-10 19:57:04
273,HCAMCXPRICAC0076_09562,유의사항,연회비,KB국민 트래블러스 체크카드 이용,,,,,,,,,,,,,,,국내 가맹점 이용은 KB국민은행 결제(출금)계좌에서 원화 출금됩니다.,2026-05-10 19:57:04
274,HCAMCXPRICAC0076_09562,유의사항,연회비,KB국민 트래블러스 체크카드 이용,,,,,,,,,,,,,,,해외 이용시 고객님께서 설정하신 해외 결제계좌(KB Pay 외화머니 또는 KB국민은행 외화통장)에서 외화 출금됩니다.,2026-05-10 19:57:04
275,HCAMCXPRICAC0076_09562,유의사항,연회비,KB국민 트래블러스 체크카드 이용,,,,,,,,,,,,,,,"국내 이용 환급할인은 결제(출금)계좌로 원화 입금되며, 후불교통 이용, 소액신용, 무승인 매입건은 결제계좌에서 원화 출금됩니다.",2026-05-10 19:57:04
276,HCAMCXPRICAC0076_09562,유의사항,연회비,KB국민 트래블러스 체크카드 이용,,,,,,,,,,,,,,,KB Pay 외화머니로 환전 가능한 통화 종류는 KB국민카드 홈페이지(www.kbcard.com)에서 확인 가능합니다.,2026-05-10 19:57:04
277,HCAMCXPRICAC0076_09562,유의사항,연회비,KB국민 트래블러스 체크카드 이용,,,,,,,,,,,,,,,"외화머니 충전, 결제 등과 관련된 정책은 KB Pay 머니 서비스 이용약관, KB Pay 외화 머니 서비스 이용약관을 따르며 자세한 내용은 KB Pay APP 또는 KB국민카드 홈페이지(card.kbcard.com)를 참고하시기 바랍니다.",2026-05-10 19:57:04
278,HCAMCXPRICAC0076_09562,유의사항,연회비,KB국민 트래블러스 체크카드 이용,,,,,,,,,,,,,,,외화통장은 KB국민은행이 지정한 외화예금상품으로만 가능합니다. 외화통장 관련 자세한 내용은 KB국민은행에 문의바랍니다.,2026-05-10 19:57:04
279,HCAMCXPRICAC0076_09562,유의사항,연회비,[국내이용 안내],,,,,,,,,,,,,,,국내 가맹점 이용 시 국내 결제(출금)계좌에서 원화로 출금됩니다.,2026-05-10 19:57:04
280,HCAMCXPRICAC0076_09562,유의사항,연회비,[국내이용 안내],,,,,,,,,,,,,,,"현금인출(CD) 기능 등록 시 국내 ATM에서 현금인출 가능하며, 국내 결제 계좌에서 인출됩니다.",2026-05-10 19:57:04
281,HCAMCXPRICAC0076_09562,유의사항,연회비,[해외이용 안내],,,,,,,,,,,,,,,해외 가맹점 및 해외 ATM 이용을 위해 KB Pay 외화머니 또는 KB국민은행 외화통장에 잔액을 보유하셔야 합니다.,2026-05-10 19:57:04
282,HCAMCXPRICAC0076_09562,유의사항,연회비,[해외이용 안내],,,,,,,,,,,,,,,해외 이용시 결제계좌는 KB Pay에서 등록 및 변경 가능합니다. (외화머니 ↔ 외화통장),2026-05-10 19:57:04
283,HCAMCXPRICAC0076_09562,유의사항,연회비,[해외이용 안내],,,,,,,,,,,,,,,트래블러스 체크카드는 해외원화결제서비스(DCC) 이용이 불가합니다.,2026-05-10 19:57:04
284,HCAMCXPRICAC0076_09562,유의사항,연회비,[해외이용 안내],,,,,,,,,,,,,,,무승인,2026-05-10 19:57:04
285,HCAMCXPRICAC0076_09562,유의사항,연회비,[해외이용 안내],,,,,,,,,,,,,,,"단, 출금시점에 해외 결제계좌 잔액부족 시 체크카드 결제일에 국내 결제계좌에서 전액 원화 출금됩니다.",2026-05-10 19:57:04
286,HCAMCXPRICAC0076_09562,유의사항,연회비,[해외이용 안내],,,,,,,,,,,,,,,T&E(Travel&Entertainment)업종 : 항공,2026-05-10 19:57:04
287,HCAMCXPRICAC0076_09562,유의사항,연회비,[해외이용 안내],,,,,,,,,,,,,,,T&E업종을 이용하신 상태에서 추가적으로 이용하실 경우 아직 출금되지 않은 T&E업종 이용금액과 결제하실 금액의 합계만큼 외화 잔액을 보유하고 계셔야 이용가능합니다.,2026-05-10 19:57:04
288,HCAMCXPRICAC0076_09562,유의사항,연회비,[해외이용 안내],,,,,,,,,,,,,,,"이용대금이 매입일에 확정되는 거래에 있어 승인시점 출금 금액과 전표 매입 금액간 차이가 발생하는 경우 해외 결제계좌에서 추가 출금 또는 환급될 수 있습니다. (단, 해외 결제계좌 잔액 부족시 체크카드 결제일에 국내 결제계좌에서 원화 출금 됩니다.)",2026-05-10 19:57:04
289,HCAMCXPRICAC0076_09562,유의사항,연회비,체크카드 이용제한,,,,,,,,,,,,,,,매월 세번째 일요일 00:00 ~ 06:00 중에는 은행 전산시스템 점검 관련으로 이용이 제한될 수 있습니다.,2026-05-10 19:57:04
290,HCAMCXPRICAC0076_07964,혜택,주요혜택,[일상] 커피 할인,[일상] 커피 할인,커피/카페/베이커리,14,Both,국내,할인,10,%,"스타벅스, 커피빈",,,,,3000,"스타벅스, 커피빈 10% 할인(월 할인한도 : 3천원)",2026-05-10 19:57:05
291,HCAMCXPRICAC0076_07964,혜택,주요혜택,[일상] 모바일 할인,[일상] 모바일 할인,구독/스트리밍,8,Online,국내,할인,10,%,"구글플레이스토어, 앱스토어",,,,,5000,"구글플레이스토어, 앱스토어 10% 할인(월 할인한도 : 5천원)",2026-05-10 19:57:05
292,HCAMCXPRICAC0076_07964,혜택,주요혜택,[일상] 문화 할인,[일상] 문화 할인,문화/엔터,11,Both,국내,할인,10,%,인터파크 티켓,,,,,7000,인터파크 티켓 10% 할인(월 할인한도 : 7천원),2026-05-10 19:57:05
293,HCAMCXPRICAC0076_07964,혜택,주요혜택,[일상] 뷰티 할인,[일상] 뷰티 할인,패션/뷰티,2,Both,국내,할인,5,%,올리브영,,,,,2000,"올리브영, 미용실 업종 5% 할인(월 할인한도 : 2천원)",2026-05-10 19:57:05
294,HCAMCXPRICAC0076_07964,혜택,주요혜택,[일상] 편의점 할인,[일상] 편의점 할인,편의점,13,Offline,국내,할인,5,%,"GS25, CU",,,,,2000,"GS25, CU 5% 할인(월 할인한도 : 2천원)",2026-05-10 19:57:05
295,HCAMCXPRICAC0076_07964,혜택,주요혜택,[일상] 구독 할인,[일상] 구독 할인,구독/스트리밍,8,Online,국내,할인,1000,원,"넷플릭스, 유튜브프리미엄",,10000,,,2000,"넷플릭스, 유튜브프리미엄 1만원 이상 시 1,000원 할인(월 할인한도 : 2천원)",2026-05-10 19:57:05
296,HCAMCXPRICAC0076_07964,혜택,주요혜택,[일상] 배달 할인,[일상] 배달 할인,배달,15,Online,국내,할인,1000,원,"배달의 민족, 요기요",,10000,,,1000,"배달의 민족, 요기요 1만원 이상 시 1,000원 할인(월 할인한도 : 1천원)",2026-05-10 19:57:05
297,HCAMCXPRICAC0076_07964,혜택,주요혜택,[일상] 이동통신 할인,[일상] 이동통신 할인,생활비,12,Online,국내,할인,2500,원,"SKT, KT, LG U＋, Liiv M",,50000,,,2500,"SKT, KT, LG U＋, Liiv M 5만원 이상 시 2,500원 할인(월 할인한도 : 2천5백원)",2026-05-10 19:57:05
298,HCAMCXPRICAC0076_07964,혜택,주요혜택,[일상] 영화 할인,[일상] 영화 할인,문화/엔터,11,Both,국내,할인,4000,원,CGV,,10000,,,8000,"CGV 1만원 이상 시 4,000원 할인(월 할인한도 : 8천원)",2026-05-10 19:57:05
299,HCAMCXPRICAC0076_07964,혜택,주요혜택,[일상] 놀이공원 할인,[일상] 놀이공원 할인,문화/엔터,11,Both,국내,할인,15000,원,"에버랜드, 롯데월드",,30000,,,15000,"에버랜드, 롯데월드 3만원 이상 시 15,000원 할인(월 할인한도 : 1만5천원)",2026-05-10 19:57:05
300,HCAMCXPRICAC0076_07964,혜택,주요혜택,[KB Pay] 오프라인 할인,[KB Pay] 오프라인 할인,페이/간편결제,10,Both,국내,할인,2,%,,,,,,3000,오프라인 가맹점KB Pay 결제 시 2% 추가 할인(월 할인한도 : 3천원),2026-05-10 19:57:05
301,HCAMCXPRICAC0076_07964,혜택,주요혜택,[KB Pay] 온라인 할인,[KB Pay] 온라인 할인,페이/간편결제,10,Both,국내,할인,2,%,,,,,,2000,온라인 가맹점KB Pay 결제 시 2% 추가 할인(월 할인한도 : 2천원),2026-05-10 19:57:05
302,HCAMCXPRICAC0076_07964,혜택,상세혜택,커피,커피 10%,커피/카페/베이커리,14,Both,국내,할인,10,%,"스타벅스, 커피빈",,,,,3000,"커피 | 스타벅스, 커피빈 | 10% | 월한도: 3천원",2026-05-10 19:57:05
303,HCAMCXPRICAC0076_07964,혜택,상세혜택,모바일,모바일 10%,구독/스트리밍,8,Online,국내,할인,10,%,"구글플레이스토어, 앱스토어",,,,,5000,"모바일 | 구글플레이스토어, 앱스토어 | 10% | 월한도: 5천원",2026-05-10 19:57:05
304,HCAMCXPRICAC0076_07964,혜택,상세혜택,문화,문화 10%,문화/엔터,11,Both,국내,할인,10,%,인터파크 티켓,,,,,7000,문화 | 인터파크 티켓 | 10% | 월한도: 7천원,2026-05-10 19:57:05
305,HCAMCXPRICAC0076_07964,혜택,상세혜택,뷰티,뷰티 5%,패션/뷰티,2,Both,국내,할인,5,%,올리브영,,,,,2000,"뷰티 | 올리브영, 미용실 업종 | 5% | 월한도: 2천원",2026-05-10 19:57:05
306,HCAMCXPRICAC0076_07964,혜택,상세혜택,편의점,편의점 5%,편의점,13,Offline,국내,할인,5,%,"GS25, CU",,,,,2000,"편의점 | GS25, CU | 5% | 월한도: 2천원",2026-05-10 19:57:05
307,HCAMCXPRICAC0076_07964,혜택,상세혜택,구독,"구독 1,000원",구독/스트리밍,8,Online,국내,서비스,1000,원,"넷플릭스, 유튜브프리미엄",,,,2,2000,"구독 | 넷플릭스, 유튜브프리미엄 | 1,000원 | 월한도: 2회 / 2천원",2026-05-10 19:57:05
308,HCAMCXPRICAC0076_07964,혜택,상세혜택,배달,"배달 1,000원",배달,15,Online,국내,서비스,1000,원,"배달의민족, 요기요",,,,1,1000,"배달 | 배달의민족, 요기요 | 1,000원 | 월한도: 1회 / 1천원",2026-05-10 19:57:05
309,HCAMCXPRICAC0076_07964,혜택,상세혜택,이동통신,"이동통신 2,500원",생활비,12,Online,국내,서비스,2500,원,"SKT, KT, LG U+, Liiv M",,,,1,2000,"이동통신 | SKT, KT, LG U+, Liiv M | 2,500원 | 월한도: 1회 / 2천5백원",2026-05-10 19:57:05
310,HCAMCXPRICAC0076_07964,혜택,상세혜택,영화,"영화 4,000원",문화/엔터,11,Both,국내,서비스,4000,원,CGV,,,,2,8000,"영화 | CGV | 4,000원 | 월한도: 2회 / 8천원",2026-05-10 19:57:05
311,HCAMCXPRICAC0076_07964,혜택,상세혜택,놀이공원,"놀이공원 15,000원",문화/엔터,11,Both,국내,서비스,15000,원,"에버랜드, 롯데월드",,,,1,15000,"놀이공원 | 에버랜드, 롯데월드 | 15,000원 | 월한도: 1회 / 1만5천원",2026-05-10 19:57:05
312,HCAMCXPRICAC0076_07964,혜택,상세혜택,오프라인,오프라인 2%,페이/간편결제,10,Both,국내,할인,2,%,,,,,,3000,오프라인 | 오프라인 가맹점에서 KB Pay 결제 | 2% 추가 | 월한도: 3천원,2026-05-10 19:57:05
313,HCAMCXPRICAC0076_07964,혜택,상세혜택,온라인,온라인 2%,페이/간편결제,10,Both,국내,할인,2,%,,,,,,2000,온라인 | 온라인 가맹점에서 KB Pay 결제 | 2% 추가 | 월한도: 2천원,2026-05-10 19:57:05
314,HCAMCXPRICAC0076_07964,혜택,상세혜택,서비스 요약,"전월 이용실적 조건 : 일상혜택은 전월실적 20만원 이상 시, KB Pay 혜택과 Global 혜택은 전월실적 30만원 이상 시 제공됩니다.단,",페이/간편결제,10,Both,국내,할인,,,,,200000,,,,"전월 이용실적 조건 : 일상혜택은 전월실적 20만원 이상 시, KB Pay 혜택과 Global 혜택은 전월실적 30만원 이상 시 제공됩니다.단, 일상혜택 [커피]할인은 전월실적 없이도 제공됩니다.",2026-05-10 19:57:05
315,HCAMCXPRICAC0076_07964,혜택,상세혜택,서비스 요약,"본인회원 기준으로 월간 통합할인한도 내에서 혜택이 제공되며, 할인한도는 매월 1일 ~ 말일(승인시점 기준) 이용금액으로 적용됩니다.",생활비,12,Online,국내,할인,,,,,,,,,"본인회원 기준으로 월간 통합할인한도 내에서 혜택이 제공되며, 할인한도는 매월 1일 ~ 말일(승인시점 기준) 이용금액으로 적용됩니다.",2026-05-10 19:57:05
316,HCAMCXPRICAC0076_07964,혜택,상세혜택,서비스 요약,"월간 통합할인한도는 다음과 같으며 일상혜택, KB Pay 혜택, Global 혜택이 모두 포함됩니다.",페이/간편결제,10,Both,국내,할인,,,,,,,,,"월간 통합할인한도는 다음과 같으며 일상혜택, KB Pay 혜택, Global 혜택이 모두 포함됩니다.",2026-05-10 19:57:05
317,HCAMCXPRICAC0076_07964,혜택,상세혜택,월간 통합할인한도 (20만원 이상),"월간 통합할인한도 (20만원 이상): 20,000원",생활비,12,Online,국내,할인,20000,원,,,,200000,,20000,"월간 통합할인한도 | 전월실적 20만원 이상 | 20,000원",2026-05-10 19:57:05
318,HCAMCXPRICAC0076_07964,혜택,상세혜택,월간 통합할인한도 (40만원 이상),"월간 통합할인한도 (40만원 이상): 30,000원",생활비,12,Online,국내,할인,30000,원,,,,400000,,30000,"월간 통합할인한도 | 전월실적 40만원 이상 | 30,000원",2026-05-10 19:57:05
319,HCAMCXPRICAC0076_07964,혜택,상세혜택,월간 통합할인한도 (60만원 이상),"월간 통합할인한도 (60만원 이상): 40,000원",생활비,12,Online,국내,할인,40000,원,,,,600000,,40000,"월간 통합할인한도 | 전월실적 60만원 이상 | 40,000원",2026-05-10 19:57:05
320,HCAMCXPRICAC0076_07964,혜택,상세혜택,월간 통합할인한도 (80만원 이상),"월간 통합할인한도 (80만원 이상): 50,000원",생활비,12,Online,국내,할인,50000,원,,,,800000,,50000,"월간 통합할인한도 | 전월실적 80만원 이상 | 50,000원",2026-05-10 19:57:05
321,HCAMCXPRICAC0076_07964,혜택,상세혜택,서비스 요약,은 일상혜택과 중복 적용됩니다.,페이/간편결제,10,Both,국내,서비스,,,,,,,,,은 일상혜택과 중복 적용됩니다.,2026-05-10 19:57:05
322,HCAMCXPRICAC0076_07964,혜택,상세혜택,서비스 요약,노리2 체크카드(KB Pay)와 노리2 체크카드(Global)은 동일계열 카드가 아니므로 전월 이용실적 및 할인한도가 합산되지 않습니다.,페이/간편결제,10,Both,국내,할인,,,,,,,,,노리2 체크카드(KB Pay)와 노리2 체크카드(Global)은 동일계열 카드가 아니므로 전월 이용실적 및 할인한도가 합산되지 않습니다.,2026-05-10 19:57:05
323,HCAMCXPRICAC0076_07964,혜택,상세혜택,커피,"[일상] 커피 할인 스타벅스, 커피빈 10% 할인",커피/카페/베이커리,14,Both,국내,할인,10,%,"스타벅스, 커피빈",,,,,,"[일상] 커피 할인 스타벅스, 커피빈 10% 할인",2026-05-10 19:57:05
324,HCAMCXPRICAC0076_07964,혜택,상세혜택,커피,"스타벅스, 커피빈 10%",커피/카페/베이커리,14,Both,국내,할인,10,%,"스타벅스, 커피빈",,,,,,"스타벅스, 커피빈 | 10%",2026-05-10 19:57:05
325,HCAMCXPRICAC0076_07964,혜택,상세혜택,모바일,"[일상] 모바일 할인 구글플레이스토어, 앱스토어 10% 할인",구독/스트리밍,8,Online,국내,할인,10,%,"구글플레이스토어, 앱스토어",,,,,,"[일상] 모바일 할인 구글플레이스토어, 앱스토어 10% 할인",2026-05-10 19:57:05
326,HCAMCXPRICAC0076_07964,혜택,상세혜택,모바일,"구글플레이스토어,앱스토어 10%",구독/스트리밍,8,Online,국내,할인,10,%,"구글플레이스토어, 앱스토어",,,,,,"구글플레이스토어,앱스토어 | 10%",2026-05-10 19:57:05
327,HCAMCXPRICAC0076_07964,혜택,상세혜택,문화,[일상] 문화 할인 인터파크 티켓 10% 할인,문화/엔터,11,Both,국내,할인,10,%,인터파크 티켓,,,,,,[일상] 문화 할인 인터파크 티켓 10% 할인,2026-05-10 19:57:05
328,HCAMCXPRICAC0076_07964,혜택,상세혜택,문화,인터파크 티켓 10%,문화/엔터,11,Both,국내,할인,10,%,인터파크 티켓,,,,,,인터파크 티켓 | 10%,2026-05-10 19:57:05
329,HCAMCXPRICAC0076_07964,혜택,상세혜택,뷰티,"[일상] 뷰티 할인 올리브영, 미용실 업종 5% 할인",패션/뷰티,2,Both,국내,할인,5,%,올리브영,,,,,,"[일상] 뷰티 할인 올리브영, 미용실 업종 5% 할인",2026-05-10 19:57:05
330,HCAMCXPRICAC0076_07964,혜택,상세혜택,뷰티,"올리브영, 미용실 업종 5%",패션/뷰티,2,Both,국내,할인,5,%,올리브영,,,,,,"올리브영, 미용실 업종 | 5%",2026-05-10 19:57:05
331,HCAMCXPRICAC0076_07964,혜택,상세혜택,편의점,"[일상] 편의점 할인 GS25, CU 5% 할인",편의점,13,Offline,국내,할인,5,%,"GS25, CU",,,,,,"[일상] 편의점 할인 GS25, CU 5% 할인",2026-05-10 19:57:05
332,HCAMCXPRICAC0076_07964,혜택,상세혜택,편의점,"GS25, CU 5%",편의점,13,Offline,국내,할인,5,%,"GS25, CU",,,,,,"GS25, CU | 5%",2026-05-10 19:57:05
333,HCAMCXPRICAC0076_07964,혜택,상세혜택,구독,"[일상] 구독 할인 넷플릭스, 유튜브프리미엄 1,000원 할인",구독/스트리밍,8,Online,국내,할인,1000,원,"넷플릭스, 유튜브프리미엄",,,,,,"[일상] 구독 할인 넷플릭스, 유튜브프리미엄 1,000원 할인",2026-05-10 19:57:05
334,HCAMCXPRICAC0076_07964,혜택,상세혜택,구독,"넷플릭스,유튜브프리미엄 1,000원",구독/스트리밍,8,Online,국내,,1000,원,"넷플릭스, 유튜브프리미엄",,,,,,"넷플릭스,유튜브프리미엄 | 1,000원",2026-05-10 19:57:05
335,HCAMCXPRICAC0076_07964,혜택,상세혜택,배달,"[일상] 배달 할인 배달의민족, 요기요 1,000원 할인",배달,15,Online,국내,할인,1000,원,"배달의민족, 요기요",,,,,,"[일상] 배달 할인 배달의민족, 요기요 1,000원 할인",2026-05-10 19:57:05
336,HCAMCXPRICAC0076_07964,혜택,상세혜택,배달,"배달의민족, 요기요 1,000원",배달,15,Online,국내,,1000,원,"배달의민족, 요기요",,,,,,"배달의민족, 요기요 | 1,000원",2026-05-10 19:57:05
337,HCAMCXPRICAC0076_07964,혜택,상세혜택,이동통신,"[일상] 이동통신 할인 SKT, KT, LG U+, Liiv M 2,500원 할인",생활비,12,Online,국내,할인,2500,원,"SKT, KT, LG U+, Liiv M",,,,,,"[일상] 이동통신 할인 SKT, KT, LG U+, Liiv M 2,500원 할인",2026-05-10 19:57:05
338,HCAMCXPRICAC0076_07964,혜택,상세혜택,이동통신,"SKT, KT, LG U+, Liiv M 2,500원",생활비,12,Online,국내,,2500,원,"SKT, KT, LG U+, Liiv M",,,,,,"SKT, KT, LG U+, Liiv M | 2,500원",2026-05-10 19:57:05
339,HCAMCXPRICAC0076_07964,혜택,상세혜택,영화,"[일상] 영화 할인 CGV 4,000원 할인",문화/엔터,11,Both,국내,할인,4000,원,CGV,,,,,,"[일상] 영화 할인 CGV 4,000원 할인",2026-05-10 19:57:05
340,HCAMCXPRICAC0076_07964,혜택,상세혜택,영화,"CGV 4,000원",문화/엔터,11,Both,국내,,4000,원,CGV,,,,,,"CGV | 4,000원",2026-05-10 19:57:05
341,HCAMCXPRICAC0076_07964,혜택,상세혜택,놀이공원,"[일상] 놀이공원 할인 에버랜드, 롯데월드 15,000원 할인",문화/엔터,11,Both,국내,할인,15000,원,"에버랜드, 롯데월드",,,,,,"[일상] 놀이공원 할인 에버랜드, 롯데월드 15,000원 할인",2026-05-10 19:57:05
342,HCAMCXPRICAC0076_07964,혜택,상세혜택,놀이공원,"에버랜드, 롯데월드 15,000원",문화/엔터,11,Both,국내,,15000,원,"에버랜드, 롯데월드",,,,,,"에버랜드, 롯데월드 | 15,000원",2026-05-10 19:57:05
343,HCAMCXPRICAC0076_07964,혜택,상세혜택,KB Pay(오프라인),[KB Pay] 오프라인 할인 오프라인 가맹점 2% 추가 할인,페이/간편결제,10,Both,국내,할인,2,%,,,,,,,[KB Pay] 오프라인 할인 오프라인 가맹점 2% 추가 할인,2026-05-10 19:57:05
344,HCAMCXPRICAC0076_07964,혜택,상세혜택,KB Pay(오프라인),오프라인 가맹점KB Pay 결제 시 2%,페이/간편결제,10,Both,국내,할인,2,%,,,,,,,오프라인 가맹점KB Pay 결제 시 | 2%,2026-05-10 19:57:05
345,HCAMCXPRICAC0076_07964,혜택,상세혜택,KB Pay(온라인),[KB Pay] 온라인 할인 온라인 가맹점 2% 추가 할인,페이/간편결제,10,Both,국내,할인,2,%,,,,,,,[KB Pay] 온라인 할인 온라인 가맹점 2% 추가 할인,2026-05-10 19:57:05
346,HCAMCXPRICAC0076_07964,혜택,상세혜택,KB Pay(온라인),온라인 가맹점KB Pay 결제 시 2%,페이/간편결제,10,Both,국내,할인,2,%,,,,,,,온라인 가맹점KB Pay 결제 시 | 2%,2026-05-10 19:57:05
347,HCAMCXPRICAC0076_07964,유의사항,확인사항,체크카드 해외이용 시 출금방식,,,,,,,,,,,,,,,일반 가맹점 이용 시 : 승인시점 즉시 계좌 출금,2026-05-10 19:57:05
348,HCAMCXPRICAC0076_07964,유의사항,확인사항,체크카드 해외이용 시 출금방식,,,,,,,,,,,,,,,"무승인, T&E업종 이용 시 : 전표 매입시점 계좌 출금 (승인시점 이후 평균 1주일 소요)",2026-05-10 19:57:05
349,HCAMCXPRICAC0076_07964,유의사항,확인사항,체크카드 해외이용 시 출금방식,,,,,,,,,,,,,,,"T&E 업종 : 항공, 렌터카, 호텔, 무인주유기 등 여행 및 여가 관련 업종",2026-05-10 19:57:05
350,HCAMCXPRICAC0076_07964,유의사항,확인사항,체크카드 해외이용 시 출금방식,,,,,,,,,,,,,,,승인시점 금액과 매입시점 금액이 상이한 경우,2026-05-10 19:57:05
351,HCAMCXPRICAC0076_07964,유의사항,확인사항,체크카드 해외이용 시 출금방식,,,,,,,,,,,,,,,승인시점 금액이 매입시점 금액보다 큰 경우 : 차액 계좌환급,2026-05-10 19:57:05
352,HCAMCXPRICAC0076_07964,유의사항,확인사항,체크카드 해외이용 시 출금방식,,,,,,,,,,,,,,,"승인시점 금액이 매입시점 금액보다 적은 경우 : 차액 추가 출금되며, 계좌잔액 부족 시 차액 신용청구 됩니다.",2026-05-10 19:57:05
353,HCAMCXPRICAC0076_07964,유의사항,확인사항,체크카드 해외이용 시 출금방식,,,,,,,,,,,,,,,매입시점 계좌잔액 부족으로 신용청구 될 경우 회원님의 신용한도가 차감됩니다. (소액신용결제서비스 등록 회원일 경우 소액신용한도가 차감됩니다),2026-05-10 19:57:05
354,HCAMCXPRICAC0076_07964,유의사항,확인사항,참고사항,,,,,,,,,,,,,,,해외이용 시 거래유형 및 카드 종류에 관계없이 은행계좌당 1일 최대 600만원 상당의 미화 환산액 범위 내에서이용 가능합니다.,2026-05-10 19:57:05
355,HCAMCXPRICAC0076_07964,유의사항,확인사항,참고사항,,,,,,,,,,,,,,,"마에스트로(Maestro) 체크카드는 해외 무승인, T&E 업종, 해외 웹사이트에서 이용 불가합니다.",2026-05-10 19:57:05
356,HCAMCXPRICAC0076_07964,유의사항,확인사항,참고사항,,,,,,,,,,,,,,,"은련(UPI) 체크카드는 해외 무승인, T&E 업종 이용 불가합니다.",2026-05-10 19:57:05
357,HCAMCXPRICAC0076_07964,유의사항,확인사항,참고사항,,,,,,,,,,,,,,,비거주자 및 재외동포는 외국환 거래 규정에 의하여 해외사용이 불가합니다.,2026-05-10 19:57:05
358,HCAMCXPRICAC0076_07964,유의사항,확인사항,참고사항,,,,,,,,,,,,,,,외국인 거주자의 해외 이용 (KB국민은행 영업점에서 해외사용등록 신청 후 이용 가능합니다.),2026-05-10 19:57:05
359,HCAMCXPRICAC0076_07964,유의사항,확인사항,참고사항,,,,,,,,,,,,,,,KB국민은행 영업점에서 해외사용등록 신청 후 이용이 가능합니다.,2026-05-10 19:57:05
360,HCAMCXPRICAC0076_07964,유의사항,확인사항,참고사항,,,,,,,,,,,,,,,외국환 거래규정상 외국인 거주자인 경우는 별도의 거래등록을 통해 연간 미화 5만불 한도 내에서(송금 및 환전 포함) 해외 예금인출 및 해외 신용카드 가맹점 또는 직불카드 가맹점 이용이 가능합니다. (비거주자 및 재외동포는 이용이불가합니다.),2026-05-10 19:57:05
361,HCAMCXPRICAC0076_07964,유의사항,확인사항,참고사항,,,,,,,,,,,,,,,체크카드 이용 시 적용 환율,2026-05-10 19:57:05
362,HCAMCXPRICAC0076_07964,유의사항,확인사항,참고사항,,,,,,,,,,,,,,,일반가맹점 이용: 승인시점 KB국민은행 전신환매도율(전신송금환율),2026-05-10 19:57:05
363,HCAMCXPRICAC0076_07964,유의사항,확인사항,참고사항,,,,,,,,,,,,,,,무승인,2026-05-10 19:57:05
364,HCAMCXPRICAC0076_07964,유의사항,확인사항,참고사항,,,,,,,,,,,,,,,"일부 해외 거래 시 IC칩 비밀번호(PIN)을 요구하는 경우가 있으므로, 출국 전 반드시 IC칩 비밀번호(PIN) 등록여부를 확인하시기 바랍니다.",2026-05-10 19:57:05
365,HCAMCXPRICAC0076_07964,유의사항,확인사항,이용실적 제외 대상,,,,,,,,,,,,,,,"체크카드 공통 실적제외 대상 외 카드 별 이용실적 제외 대상이 별도로 존재할 수 있으니, 반드시 해당카드 안내를 참조하시기 바랍니다.",2026-05-10 19:57:05
366,HCAMCXPRICAC0076_07964,유의사항,확인사항,영업 마감시간 이후 결제계좌 출금,,,,,,,,,,,,,,,결제계좌 개설 기관의 영업 마감시간(16시) 이후 입금 된 금액에 대해서는 당일 출금되지 못하여 연체 처리 될 수 있으니 유의하시기 바랍니다.,2026-05-10 19:57:05
367,HCAMCXPRICAC0076_07964,유의사항,확인사항,영업 마감시간 이후 결제계좌 출금,,,,,,,,,,,,,,,자동이체 업무 마감시간 이후 당사 홈페이지,2026-05-10 19:57:05
368,HCAMCXPRICAC0076_07964,유의사항,확인사항,영업 마감시간 이후 결제계좌 출금,,,,,,,,,,,,,,,세부내용: KB국민카드 홈페이지 > MY KB > 바로출금 또는 가상계좌 참조,2026-05-10 19:57:05
369,HCAMCXPRICAC0076_07964,유의사항,확인사항,연체이자율,,,,,,,,,,,,,,,연체이자율 : 회원별,2026-05-10 19:57:05
370,HCAMCXPRICAC0076_07964,유의사항,확인사항,연체이자율,,,,,,,,,,,,,,,"단, 연체발생시점에 정상이자율이 없는 경우 아래와 같이 적용함",2026-05-10 19:57:05
371,HCAMCXPRICAC0076_07964,유의사항,확인사항,연체이자율,,,,,,,,,,,,,,,일시불 거래 연체시 : 거래발생시점의 최소기간(2개월) 유이자 할부 수수료율 적용,2026-05-10 19:57:05
372,HCAMCXPRICAC0076_07964,유의사항,확인사항,연체이자율,,,,,,,,,,,,,,,무이자할부 거래 연체시 : 거래발생시점의 동일한 할부계약기간의 유이자할부수수료율 적용,2026-05-10 19:57:05
373,HCAMCXPRICAC0076_07964,유의사항,확인사항,연체이자율,,,,,,,,,,,,,,,그 외의 경우 : 정상이자율은 상법상 상사법정이율과 상호금융 가계자금대출금리* 중 높은 금리 적용,2026-05-10 19:57:05
374,HCAMCXPRICAC0076_07964,유의사항,확인사항,기타,,,,,,,,,,,,,,,할인(적립) 서비스 제공 관련 카드별 유예기간은 해당카드를 생애 최초 발급받은 경우에 적용됩니다.,2026-05-10 19:57:05
375,HCAMCXPRICAC0076_07964,유의사항,확인사항,기타,,,,,,,,,,,,,,,할인(적립) 서비스는 제휴업체 정책에 따라 타 할인(적립)카드와 중복할인(적립)이 제한될 수 있습니다.,2026-05-10 19:57:05
376,HCAMCXPRICAC0076_07964,유의사항,확인사항,기타,,,,,,,,,,,,,,,할인,2026-05-10 19:57:05
377,HCAMCXPRICAC0076_07964,유의사항,확인사항,기타,,,,,,,,,,,,,,,환급할인은 체크카드 이용 후 이용전표가 매입처리(카드이용일로부터 약 2~3일 후) 완료된 후 할인금액을 출금계좌로환급하는 방식입니다.,2026-05-10 19:57:05
378,HCAMCXPRICAC0076_07964,유의사항,확인사항,기타,,,,,,,,,,,,,,,체크카드 소액신용결제서비스 신청 시 소액신용결제서비스로 이용된 금액은 체크카드 결제일에 결제계좌로 신용청구됩니다.,2026-05-10 19:57:05
379,HCAMCXPRICAC0076_07964,유의사항,확인사항,기타,,,,,,,,,,,,,,,체크카드로 철도승차권 예매 후 취소 시 반환수수료는 체크카드 결제일에 결제계좌로 신용 청구됩니다.,2026-05-10 19:57:05
380,HCAMCXPRICAC0076_07964,유의사항,확인사항,기타,,,,,,,,,,,,,,,"외국인 고객님께서 교통(RF)기능 탑재 상품 발급을 원할 시, 고객센터로 문의 주시기 바랍니다.",2026-05-10 19:57:05
381,HCAMCXPRICAC0076_07964,유의사항,확인사항,기타,,,,,,,,,,,,,,,KB국민카드 카드상품개발부 kkgc20163@kbfg.com,2026-05-10 19:57:05
382,HCAMCXPRICAC0076_07964,유의사항,연회비,참고사항,,,,,,,,,,,,,,,해외이용 시 거래유형 및 카드 종류에 관계없이 은행계좌당 1일 최대 600만원 상당의 미화 환산액 범위 내에서이용 가능합니다.,2026-05-10 19:57:05
383,HCAMCXPRICAC0076_07964,유의사항,연회비,참고사항,,,,,,,,,,,,,,,"마에스트로(Maestro) 체크카드는 해외 무승인, T&E 업종, 해외 웹사이트에서 이용 불가합니다.",2026-05-10 19:57:05
384,HCAMCXPRICAC0076_07964,유의사항,연회비,참고사항,,,,,,,,,,,,,,,"은련(UPI) 체크카드는 해외 무승인, T&E 업종 이용 불가합니다.",2026-05-10 19:57:05
385,HCAMCXPRICAC0076_07964,유의사항,연회비,참고사항,,,,,,,,,,,,,,,비거주자 및 재외동포는 외국환 거래 규정에 의하여 해외사용이 불가합니다.,2026-05-10 19:57:05
386,HCAMCXPRICAC0076_07964,유의사항,연회비,참고사항,,,,,,,,,,,,,,,외국인 거주자의 해외 이용 (KB국민은행 영업점에서 해외사용등록 신청 후 이용 가능합니다.),2026-05-10 19:57:05
387,HCAMCXPRICAC0076_07964,유의사항,연회비,참고사항,,,,,,,,,,,,,,,KB국민은행 영업점에서 해외사용등록 신청 후 이용이 가능합니다.,2026-05-10 19:57:05
388,HCAMCXPRICAC0076_07964,유의사항,연회비,참고사항,,,,,,,,,,,,,,,외국환 거래규정상 외국인 거주자인 경우는 별도의 거래등록을 통해 연간 미화 5만불 한도 내에서(송금 및 환전 포함) 해외 예금인출 및 해외 신용카드 가맹점 또는 직불카드 가맹점 이용이 가능합니다. (비거주자 및 재외동포는 이용이불가합니다.),2026-05-10 19:57:05
389,HCAMCXPRICAC0076_07964,유의사항,연회비,참고사항,,,,,,,,,,,,,,,체크카드 이용 시 적용 환율,2026-05-10 19:57:05
390,HCAMCXPRICAC0076_07964,유의사항,연회비,참고사항,,,,,,,,,,,,,,,일반가맹점 이용: 승인시점 KB국민은행 전신환매도율(전신송금환율),2026-05-10 19:57:05
391,HCAMCXPRICAC0076_07964,유의사항,연회비,참고사항,,,,,,,,,,,,,,,무승인,2026-05-10 19:57:05
392,HCAMCXPRICAC0076_07964,유의사항,연회비,참고사항,,,,,,,,,,,,,,,"일부 해외 거래 시 IC칩 비밀번호(PIN)을 요구하는 경우가 있으므로, 출국 전 반드시 IC칩 비밀번호(PIN) 등록여부를 확인하시기 바랍니다.",2026-05-10 19:57:05
393,HCAMCXPRICAC0076_07972,혜택,주요혜택,[일상] 커피 할인,[일상] 커피 할인,커피/카페/베이커리,14,Both,국내,할인,10,%,"스타벅스, 커피빈",,,,,3000,"스타벅스, 커피빈10% 할인(월 할인한도 : 3천원)",2026-05-10 19:57:06
394,HCAMCXPRICAC0076_07972,혜택,주요혜택,[일상] 모바일 할인,[일상] 모바일 할인,구독/스트리밍,8,Online,국내,할인,10,%,"구글플레이스토어, 앱스토어",,,,,5000,"구글플레이스토어, 앱스토어10% 할인(월 할인한도 : 5천원)",2026-05-10 19:57:06
395,HCAMCXPRICAC0076_07972,혜택,주요혜택,[일상] 문화 할인,[일상] 문화 할인,문화/엔터,11,Both,국내,할인,10,%,인터파크 티켓,,,,,7000,인터파크 티켓10% 할인(월 할인한도 : 7천원),2026-05-10 19:57:06
396,HCAMCXPRICAC0076_07972,혜택,주요혜택,[일상] 뷰티 할인,[일상] 뷰티 할인,패션/뷰티,2,Both,국내,할인,5,%,올리브영,,,,,2000,"올리브영, 미용실 업종5% 할인(월 할인한도 : 2천원)",2026-05-10 19:57:06
397,HCAMCXPRICAC0076_07972,혜택,주요혜택,[일상] 편의점 할인,[일상] 편의점 할인,편의점,13,Offline,국내,할인,5,%,"GS25, CU",,,,,2000,"GS25, CU5% 할인(월 할인한도 : 2천원)",2026-05-10 19:57:06
398,HCAMCXPRICAC0076_07972,혜택,주요혜택,[일상] 구독 할인,[일상] 구독 할인,구독/스트리밍,8,Online,국내,할인,1000,원,"넷플릭스, 유튜브프리미엄",,10000,,,2000,"넷플릭스, 유튜브프리미엄1만원 이상 시 1,000원 할인(월 할인한도 : 2천원)",2026-05-10 19:57:06
399,HCAMCXPRICAC0076_07972,혜택,주요혜택,[일상] 배달 할인,[일상] 배달 할인,배달,15,Online,국내,할인,1000,원,"배달의민족, 요기요",,10000,,,1000,"배달의민족, 요기요1만원 이상 시 1,000원 할인(월 할인한도 : 1천원)",2026-05-10 19:57:06
400,HCAMCXPRICAC0076_07972,혜택,주요혜택,[일상] 이동통신 할인,[일상] 이동통신 할인,생활비,12,Online,국내,할인,2500,원,"SKT, KT, LG U, Liiv M",,50000,,,2500,"SKT, KT, LG U, Liiv M5만원 이상 시 2,500원 할인(월 할인한도 : 2천5백원)",2026-05-10 19:57:06
401,HCAMCXPRICAC0076_07972,혜택,주요혜택,[일상] 영화 할인,[일상] 영화 할인,문화/엔터,11,Both,국내,할인,4000,원,CGV,,10000,,,8000,"CGV 1만원 이상 시4,000원 할인(월 할인한도 : 8천원)",2026-05-10 19:57:06
402,HCAMCXPRICAC0076_07972,혜택,주요혜택,[일상] 놀이공원 할인,[일상] 놀이공원 할인,문화/엔터,11,Both,국내,할인,15000,원,"에버랜드, 롯데월드",,30000,,,15000,"에버랜드, 롯데월드3만원 이상 시 15,000원 할인(월 할인한도 : 1만5천원)",2026-05-10 19:57:06
403,HCAMCXPRICAC0076_07972,혜택,주요혜택,[Global] 해외이용 할인,[Global] 해외이용 할인,해외,19,Both,해외,할인,2,%,,,,,,5000,해외 가맹점 결제 시2% 할인(월 할인한도 : 5천원),2026-05-10 19:57:06
404,HCAMCXPRICAC0076_07972,혜택,주요혜택,[Global] 공항라운지,[Global] 공항라운지,대중교통/택시,5,Offline,국내,,,,,,,,,,"전 세계 공항라운지'더라운지멤버스' 이용권(연간 1회, 본인만)",2026-05-10 19:57:06
405,HCAMCXPRICAC0076_07972,혜택,상세혜택,커피,커피 10%,커피/카페/베이커리,14,Both,국내,할인,10,%,"스타벅스, 커피빈",,,,,3000,"커피 | 스타벅스, 커피빈 | 10% | 월한도: 3천원",2026-05-10 19:57:06
406,HCAMCXPRICAC0076_07972,혜택,상세혜택,모바일,모바일 10%,구독/스트리밍,8,Online,국내,할인,10,%,"구글플레이스토어, 앱스토어",,,,,5000,"모바일 | 구글플레이스토어, 앱스토어 | 10% | 월한도: 5천원",2026-05-10 19:57:06
407,HCAMCXPRICAC0076_07972,혜택,상세혜택,문화,문화 10%,문화/엔터,11,Both,국내,할인,10,%,인터파크 티켓,,,,,7000,문화 | 인터파크 티켓 | 10% | 월한도: 7천원,2026-05-10 19:57:06
408,HCAMCXPRICAC0076_07972,혜택,상세혜택,뷰티,뷰티 5%,패션/뷰티,2,Both,국내,할인,5,%,올리브영,,,,,2000,"뷰티 | 올리브영, 미용실 업종 | 5% | 월한도: 2천원",2026-05-10 19:57:06
409,HCAMCXPRICAC0076_07972,혜택,상세혜택,편의점,편의점 5%,편의점,13,Offline,국내,할인,5,%,"GS25, CU",,,,,2000,"편의점 | GS25, CU | 5% | 월한도: 2천원",2026-05-10 19:57:06
410,HCAMCXPRICAC0076_07972,혜택,상세혜택,구독,"구독 1,000원",구독/스트리밍,8,Online,국내,서비스,1000,원,"넷플릭스, 유튜브프리미엄",,,,2,2000,"구독 | 넷플릭스, 유튜브프리미엄 | 1,000원 | 월한도: 2회 / 2천원",2026-05-10 19:57:06
411,HCAMCXPRICAC0076_07972,혜택,상세혜택,배달,"배달 1,000원",배달,15,Online,국내,서비스,1000,원,"배달의민족, 요기요",,,,1,1000,"배달 | 배달의민족, 요기요 | 1,000원 | 월한도: 1회 / 1천원",2026-05-10 19:57:06
412,HCAMCXPRICAC0076_07972,혜택,상세혜택,이동통신,"이동통신 2,500원",생활비,12,Online,국내,서비스,2500,원,"SKT, KT, LG U+, Liiv M",,,,1,2000,"이동통신 | SKT, KT, LG U+, Liiv M | 2,500원 | 월한도: 1회 / 2천5백원",2026-05-10 19:57:06
413,HCAMCXPRICAC0076_07972,혜택,상세혜택,영화,"영화 4,000원",문화/엔터,11,Both,국내,서비스,4000,원,CGV,,,,2,8000,"영화 | CGV | 4,000원 | 월한도: 2회 / 8천원",2026-05-10 19:57:06
414,HCAMCXPRICAC0076_07972,혜택,상세혜택,놀이공원,"놀이공원 15,000원",문화/엔터,11,Both,국내,서비스,15000,원,"에버랜드, 롯데월드",,,,1,15000,"놀이공원 | 에버랜드, 롯데월드 | 15,000원 | 월한도: 1회 / 1만5천원",2026-05-10 19:57:06
415,HCAMCXPRICAC0076_07972,혜택,상세혜택,해외이용,해외이용 2%,해외,19,Both,해외,할인,2,%,,,,,,5000,해외이용 | 해외 가맹점 이용 시 | 2% | 월한도: 5천원,2026-05-10 19:57:06
416,HCAMCXPRICAC0076_07972,혜택,상세혜택,공항라운지,공항라운지 -,대중교통/택시,5,Offline,국내,서비스,,,,,,,,,공항라운지 | '더라운지멤버스' 공항라운지 | - | 월한도: 연 1회,2026-05-10 19:57:06
417,HCAMCXPRICAC0076_07972,혜택,상세혜택,서비스 요약,"전월 이용실적 조건 : 일상혜택은 전월실적 20만원 이상 시, KB Pay 혜택과 Global 혜택은 전월실적 30만원 이상 시 제공됩니다.단,",페이/간편결제,10,Both,국내,할인,,,,,200000,,,,"전월 이용실적 조건 : 일상혜택은 전월실적 20만원 이상 시, KB Pay 혜택과 Global 혜택은 전월실적 30만원 이상 시 제공됩니다.단, 일상혜택 [커피]할인은 전월실적 없이도 제공됩니다.",2026-05-10 19:57:06
418,HCAMCXPRICAC0076_07972,혜택,상세혜택,서비스 요약,"본인회원 기준으로 월간 통합할인한도 내에서 혜택이 제공되며, 할인한도는 매월 1일 ~ 말일(승인시점 기준) 이용금액으로 적용됩니다.",생활비,12,Online,국내,할인,,,,,,,,,"본인회원 기준으로 월간 통합할인한도 내에서 혜택이 제공되며, 할인한도는 매월 1일 ~ 말일(승인시점 기준) 이용금액으로 적용됩니다.",2026-05-10 19:57:06
419,HCAMCXPRICAC0076_07972,혜택,상세혜택,서비스 요약,"월간 통합할인한도는 다음과 같으며 일상혜택, KB Pay 혜택, Global 혜택이 모두 포함됩니다.",페이/간편결제,10,Both,국내,할인,,,,,,,,,"월간 통합할인한도는 다음과 같으며 일상혜택, KB Pay 혜택, Global 혜택이 모두 포함됩니다.",2026-05-10 19:57:06
420,HCAMCXPRICAC0076_07972,혜택,상세혜택,월간 통합할인한도 (20만원 이상),"월간 통합할인한도 (20만원 이상): 20,000원",생활비,12,Online,국내,할인,20000,원,,,,200000,,20000,"월간 통합할인한도 | 전월실적 20만원 이상 | 20,000원",2026-05-10 19:57:06
421,HCAMCXPRICAC0076_07972,혜택,상세혜택,월간 통합할인한도 (40만원 이상),"월간 통합할인한도 (40만원 이상): 30,000원",생활비,12,Online,국내,할인,30000,원,,,,400000,,30000,"월간 통합할인한도 | 전월실적 40만원 이상 | 30,000원",2026-05-10 19:57:06
422,HCAMCXPRICAC0076_07972,혜택,상세혜택,월간 통합할인한도 (60만원 이상),"월간 통합할인한도 (60만원 이상): 40,000원",생활비,12,Online,국내,할인,40000,원,,,,600000,,40000,"월간 통합할인한도 | 전월실적 60만원 이상 | 40,000원",2026-05-10 19:57:06
423,HCAMCXPRICAC0076_07972,혜택,상세혜택,월간 통합할인한도 (80만원 이상),"월간 통합할인한도 (80만원 이상): 50,000원",생활비,12,Online,국내,할인,50000,원,,,,800000,,50000,"월간 통합할인한도 | 전월실적 80만원 이상 | 50,000원",2026-05-10 19:57:06
424,HCAMCXPRICAC0076_07972,혜택,상세혜택,서비스 요약,공항라운지는 전월실적 충족월 익월부터 해당년도 연말까지 제공됩니다.,항공,18,Both,국내,서비스,,,,,,,,,공항라운지는 전월실적 충족월 익월부터 해당년도 연말까지 제공됩니다.,2026-05-10 19:57:06
425,HCAMCXPRICAC0076_07972,혜택,상세혜택,서비스 요약,노리2 체크카드(KB Pay)와 노리2 체크카드(Global)은 동일계열 카드가 아니므로 전월 이용실적 및 할인한도가 합산되지 않습니다.,페이/간편결제,10,Both,국내,할인,,,,,,,,,노리2 체크카드(KB Pay)와 노리2 체크카드(Global)은 동일계열 카드가 아니므로 전월 이용실적 및 할인한도가 합산되지 않습니다.,2026-05-10 19:57:06
426,HCAMCXPRICAC0076_07972,혜택,상세혜택,커피,"[일상] 커피 할인 스타벅스, 커피빈 10% 할인",커피/카페/베이커리,14,Both,국내,할인,10,%,"스타벅스, 커피빈",,,,,,"[일상] 커피 할인 스타벅스, 커피빈 10% 할인",2026-05-10 19:57:06
427,HCAMCXPRICAC0076_07972,혜택,상세혜택,커피,"스타벅스, 커피빈 10%",커피/카페/베이커리,14,Both,국내,할인,10,%,"스타벅스, 커피빈",,,,,,"스타벅스, 커피빈 | 10%",2026-05-10 19:57:06
428,HCAMCXPRICAC0076_07972,혜택,상세혜택,모바일,"[일상] 모바일 할인 구글플레이스토어, 앱스토어 10% 할인",구독/스트리밍,8,Online,국내,할인,10,%,"구글플레이스토어, 앱스토어",,,,,,"[일상] 모바일 할인 구글플레이스토어, 앱스토어 10% 할인",2026-05-10 19:57:06
429,HCAMCXPRICAC0076_07972,혜택,상세혜택,모바일,"구글플레이스토어,앱스토어 10%",구독/스트리밍,8,Online,국내,할인,10,%,"구글플레이스토어, 앱스토어",,,,,,"구글플레이스토어,앱스토어 | 10%",2026-05-10 19:57:06
430,HCAMCXPRICAC0076_07972,혜택,상세혜택,문화,[일상] 문화 할인 인터파크 티켓 10% 할인,문화/엔터,11,Both,국내,할인,10,%,인터파크 티켓,,,,,,[일상] 문화 할인 인터파크 티켓 10% 할인,2026-05-10 19:57:06
431,HCAMCXPRICAC0076_07972,혜택,상세혜택,문화,인터파크 티켓 10%,문화/엔터,11,Both,국내,할인,10,%,인터파크 티켓,,,,,,인터파크 티켓 | 10%,2026-05-10 19:57:06
432,HCAMCXPRICAC0076_07972,혜택,상세혜택,뷰티,"[일상] 뷰티 할인 올리브영, 미용실 업종 5% 할인",패션/뷰티,2,Both,국내,할인,5,%,올리브영,,,,,,"[일상] 뷰티 할인 올리브영, 미용실 업종 5% 할인",2026-05-10 19:57:06
433,HCAMCXPRICAC0076_07972,혜택,상세혜택,뷰티,"올리브영, 미용실 업종 5%",패션/뷰티,2,Both,국내,할인,5,%,올리브영,,,,,,"올리브영, 미용실 업종 | 5%",2026-05-10 19:57:06
434,HCAMCXPRICAC0076_07972,혜택,상세혜택,편의점,"[일상] 편의점 할인 GS25, CU 5% 할인",편의점,13,Offline,국내,할인,5,%,"GS25, CU",,,,,,"[일상] 편의점 할인 GS25, CU 5% 할인",2026-05-10 19:57:06
435,HCAMCXPRICAC0076_07972,혜택,상세혜택,편의점,"GS25, CU 5%",편의점,13,Offline,국내,할인,5,%,"GS25, CU",,,,,,"GS25, CU | 5%",2026-05-10 19:57:06
436,HCAMCXPRICAC0076_07972,혜택,상세혜택,구독,"[일상] 구독 할인 넷플릭스, 유튜브프리미엄 1,000원 할인",구독/스트리밍,8,Online,국내,할인,1000,원,"넷플릭스, 유튜브프리미엄",,,,,,"[일상] 구독 할인 넷플릭스, 유튜브프리미엄 1,000원 할인",2026-05-10 19:57:06
437,HCAMCXPRICAC0076_07972,혜택,상세혜택,구독,"넷플릭스,유튜브프리미엄 1,000원",구독/스트리밍,8,Online,국내,,1000,원,"넷플릭스, 유튜브프리미엄",,,,,,"넷플릭스,유튜브프리미엄 | 1,000원",2026-05-10 19:57:06
438,HCAMCXPRICAC0076_07972,혜택,상세혜택,배달,"[일상] 배달 할인 배달의민족, 요기요 1,000원 할인",배달,15,Online,국내,할인,1000,원,"배달의민족, 요기요",,,,,,"[일상] 배달 할인 배달의민족, 요기요 1,000원 할인",2026-05-10 19:57:06
439,HCAMCXPRICAC0076_07972,혜택,상세혜택,배달,"배달의민족, 요기요 1,000원",배달,15,Online,국내,,1000,원,"배달의민족, 요기요",,,,,,"배달의민족, 요기요 | 1,000원",2026-05-10 19:57:06
440,HCAMCXPRICAC0076_07972,혜택,상세혜택,이동통신,"[일상] 통신요금 할인 SKT, KT, LG U+, Liiv M 2,500원 할인",생활비,12,Online,국내,할인,2500,원,"SKT, KT, LG U+, Liiv M",,,,,,"[일상] 통신요금 할인 SKT, KT, LG U+, Liiv M 2,500원 할인",2026-05-10 19:57:06
441,HCAMCXPRICAC0076_07972,혜택,상세혜택,이동통신,"SKT, KT, LG U+, Liiv M 2,500원",생활비,12,Online,국내,,2500,원,"SKT, KT, LG U+, Liiv M",,,,,,"SKT, KT, LG U+, Liiv M | 2,500원",2026-05-10 19:57:06
442,HCAMCXPRICAC0076_07972,혜택,상세혜택,영화,"[일상] 영화 할인 CGV 4,000원 할인",문화/엔터,11,Both,국내,할인,4000,원,CGV,,,,,,"[일상] 영화 할인 CGV 4,000원 할인",2026-05-10 19:57:06
443,HCAMCXPRICAC0076_07972,혜택,상세혜택,영화,"CGV 4,000원",문화/엔터,11,Both,국내,,4000,원,CGV,,,,,,"CGV | 4,000원",2026-05-10 19:57:06
444,HCAMCXPRICAC0076_07972,혜택,상세혜택,놀이공원,"[일상] 놀이공원 할인 에버랜드, 롯데월드 15,000원 할인",문화/엔터,11,Both,국내,할인,15000,원,"에버랜드, 롯데월드",,,,,,"[일상] 놀이공원 할인 에버랜드, 롯데월드 15,000원 할인",2026-05-10 19:57:06
445,HCAMCXPRICAC0076_07972,혜택,상세혜택,놀이공원,"에버랜드, 롯데월드 15,000원",문화/엔터,11,Both,국내,,15000,원,"에버랜드, 롯데월드",,,,,,"에버랜드, 롯데월드 | 15,000원",2026-05-10 19:57:06
446,HCAMCXPRICAC0076_07972,혜택,상세혜택,해외이용,[Global] 해외이용 할인 해외 가맹점 2% 할인,해외,19,Both,해외,할인,2,%,,,,,,,[Global] 해외이용 할인 해외 가맹점 2% 할인,2026-05-10 19:57:06
447,HCAMCXPRICAC0076_07972,혜택,상세혜택,해외이용,해외 가맹점 결제 시 2%,해외,19,Both,해외,할인,2,%,,,,,,,해외 가맹점 결제 시 | 2%,2026-05-10 19:57:06
448,HCAMCXPRICAC0076_07972,혜택,상세혜택,공항라운지,[Global] 공항라운지 공항라운지 더라운지멤버스,대중교통/택시,5,Offline,국내,,,,,,,,,,[Global] 공항라운지 공항라운지 더라운지멤버스,2026-05-10 19:57:06
449,HCAMCXPRICAC0076_07972,혜택,상세혜택,공항라운지,전 세계 공항라운지더라운지멤버스 이용권 연 1회,대중교통/택시,5,Offline,국내,,,,,,,,,,전 세계 공항라운지더라운지멤버스 이용권 | 연 1회,2026-05-10 19:57:06
450,HCAMCXPRICAC0076_07972,유의사항,확인사항,카드이용,,,,,,,,,,,,,,,체크카드 이용제한 : 매월 세번째 일요일 00:00 ~ 06:00 중에는 은행 전산시스템 점검 관련으로 이용이 제한될 수 있습니다.,2026-05-10 19:57:06
451,HCAMCXPRICAC0076_07972,유의사항,확인사항,카드이용,,,,,,,,,,,,,,,체크카드 환급할인 : 체크카드 이용 후 해당 이용건이 당사에 접수 완료(카드이용일로부터 약2~3일 소요)된 후 할인금액을 카드출금 계좌로 환급하는 방식입니다.,2026-05-10 19:57:06
452,HCAMCXPRICAC0076_07972,유의사항,확인사항,카드이용,,,,,,,,,,,,,,,할인한도는 매월 1일 ~ 말일까지(승인시점 기준) 이용금액으로 적용됩니다.,2026-05-10 19:57:06
453,HCAMCXPRICAC0076_07972,유의사항,확인사항,카드이용,,,,,,,,,,,,,,,"월간 통합할인한도는 체크카드 별로 월간 할인 받을 수 있는 최대 금액으로, 잔여한도는 다음달로 이월되지 않으며 전표가 매입되는 순서대로 월간 통합할인한도 내에서 차감됩니다.",2026-05-10 19:57:06
454,HCAMCXPRICAC0076_07972,유의사항,확인사항,카드이용,,,,,,,,,,,,,,,"각 할인서비스는 월간 할인한도 내에서 적용되며, 잔여한도는 이월되지 않습니다.",2026-05-10 19:57:06
455,HCAMCXPRICAC0076_07972,유의사항,확인사항,카드이용,,,,,,,,,,,,,,,할인받은 매출을 취소한 경우 취소 전표가 실시간 접수되지 않아 할인한도가 즉시 복원되지 않을 수 있습니다.,2026-05-10 19:57:06
456,HCAMCXPRICAC0076_07972,유의사항,확인사항,카드이용,,,,,,,,,,,,,,,각 할인서비스는 해당 가맹점이 KB국민카드의 가맹점업종코드 상 할인대상 가맹점 업종으로 등록된 경우에 한하여 제공됩니다. 가맹점 정보가 해당 업체가 아닌 결제대행업체(PG) 또는 간편결제 전용 가맹점으로 확인되는 경우 ‘결제대행업체’ 또는 ‘간편결제’ 가맹점으로 분류되어 할인대상에서 제외됩니다. 자세한 사항은 KB국민카드 고객센터(☎1588-1688)에 문의하시기 바랍니다.,2026-05-10 19:57:06
457,HCAMCXPRICAC0076_07972,유의사항,확인사항,카드이용,,,,,,,,,,,,,,,구매,2026-05-10 19:57:06
458,HCAMCXPRICAC0076_07972,유의사항,확인사항,카드이용,,,,,,,,,,,,,,,상품권 및 선불카드(선불전자지급수단 포함) 구입·충전금액의 경우 할인대상에서 제외됩니다.,2026-05-10 19:57:06
459,HCAMCXPRICAC0076_07972,유의사항,확인사항,카드이용,,,,,,,,,,,,,,,동일계열카드는 전월이용실적 및 할인한도가 합산됩니다.,2026-05-10 19:57:06
460,HCAMCXPRICAC0076_07972,유의사항,확인사항,카드이용,,,,,,,,,,,,,,,"각 할인(적립)서비스는 KB국민카드 업종 분류 기준, 지정 업종 및 가맹점에 한하여 제공됩니다.",2026-05-10 19:57:06
461,HCAMCXPRICAC0076_07972,유의사항,확인사항,영업 마감시간 이후 결제계좌 출금,,,,,,,,,,,,,,,결제계좌 개설 기관의 영업 마감시간(16시) 이후 입금된 금액에 대해서는 당일 출금되지 못하여 연체 처리 될 수 있으니 유의하시기 바랍니다.,2026-05-10 19:57:06
462,HCAMCXPRICAC0076_07972,유의사항,확인사항,영업 마감시간 이후 결제계좌 출금,,,,,,,,,,,,,,,자동이체 업무 마감시간 이후 당사 홈페이지,2026-05-10 19:57:06
463,HCAMCXPRICAC0076_07972,유의사항,확인사항,체크카드 후불교통기능,,,,,,,,,,,,,,,"버스, 지하철 등 교통이용이 가능하고, 월 1회 체크카드 결제계좌에서 아래의 지정된 결제일에 자동 출금됩니다.",2026-05-10 19:57:06
464,HCAMCXPRICAC0076_07972,유의사항,확인사항,체크카드 후불교통기능,,,,,,,,,,,,,,,"정상 출금되지 않은 경우 연체에 따른 교통기능 이용이 불가할 수 있으며, 미납금액에 대해서는 연체료가 부과됩니다.",2026-05-10 19:57:06
465,HCAMCXPRICAC0076_07972,유의사항,확인사항,체크카드 해외이용 시 출금방식,,,,,,,,,,,,,,,일반 가맹점 이용 시 : 승인시점 즉시 계좌 출금,2026-05-10 19:57:06
466,HCAMCXPRICAC0076_07972,유의사항,확인사항,체크카드 해외이용 시 출금방식,,,,,,,,,,,,,,,"무승인, T&E업종 이용 시 : 전표 매입시점 계좌 출금 (승인시점 이후 평균 1주일 소요)",2026-05-10 19:57:06
467,HCAMCXPRICAC0076_07972,유의사항,확인사항,체크카드 해외이용 시 출금방식,,,,,,,,,,,,,,,"T&E 업종 : 항공, 렌터카, 호텔, 무인주유기 등 여행 및 여가 관련 업종",2026-05-10 19:57:06
468,HCAMCXPRICAC0076_07972,유의사항,확인사항,체크카드 해외이용 시 출금방식,,,,,,,,,,,,,,,승인시점 금액과 매입시점 금액이 상이한 경우,2026-05-10 19:57:06
469,HCAMCXPRICAC0076_07972,유의사항,확인사항,체크카드 해외이용 시 출금방식,,,,,,,,,,,,,,,승인시점 금액이 매입시점 금액보다 큰 경우 : 차액 계좌환급,2026-05-10 19:57:06
470,HCAMCXPRICAC0076_07972,유의사항,확인사항,체크카드 해외이용 시 출금방식,,,,,,,,,,,,,,,"승인시점 금액이 매입시점 금액보다 적은 경우 : 차액 추가 출금되며, 계좌잔액 부족 시 차액 신용청구 됩니다.",2026-05-10 19:57:06
471,HCAMCXPRICAC0076_07972,유의사항,확인사항,체크카드 해외이용 시 출금방식,,,,,,,,,,,,,,,매입시점 계좌잔액 부족으로 신용청구 될 경우 회원님의 신용한도가 차감됩니다. (소액신용결제서비스 등록 회원일 경우 소액신용한도가 차감됩니다),2026-05-10 19:57:06
472,HCAMCXPRICAC0076_07972,유의사항,확인사항,참고사항,,,,,,,,,,,,,,,해외이용 시 거래유형 및 카드 종류에 관계없이 은행계좌당 1일 최대 600만원 상당의 미화 환산액 범위 내에서이용 가능합니다.,2026-05-10 19:57:06
473,HCAMCXPRICAC0076_07972,유의사항,확인사항,참고사항,,,,,,,,,,,,,,,"마에스트로(Maestro) 체크카드는 해외 무승인, T&E 업종, 해외 웹사이트에서 이용 불가합니다.",2026-05-10 19:57:06
474,HCAMCXPRICAC0076_07972,유의사항,확인사항,참고사항,,,,,,,,,,,,,,,"은련(UPI) 체크카드는 해외 무승인, T&E 업종 이용 불가합니다.",2026-05-10 19:57:06
475,HCAMCXPRICAC0076_07972,유의사항,확인사항,참고사항,,,,,,,,,,,,,,,비거주자 및 재외동포는 외국환 거래 규정에 의하여 해외사용이 불가합니다.,2026-05-10 19:57:06
476,HCAMCXPRICAC0076_07972,유의사항,확인사항,참고사항,,,,,,,,,,,,,,,외국인 거주자의 해외 이용 (KB국민은행 영업점에서 해외사용등록 신청 후 이용 가능합니다.),2026-05-10 19:57:06
477,HCAMCXPRICAC0076_07972,유의사항,확인사항,참고사항,,,,,,,,,,,,,,,KB국민은행 영업점에서 해외사용등록 신청 후 이용이 가능합니다.,2026-05-10 19:57:06
478,HCAMCXPRICAC0076_07972,유의사항,확인사항,참고사항,,,,,,,,,,,,,,,외국환 거래규정상 외국인 거주자인 경우는 별도의 거래등록을 통해 연간 미화 5만불 한도 내에서(송금 및 환전 포함) 해외 예금인출 및 해외 신용카드 가맹점 또는 직불카드 가맹점 이용이 가능합니다. (비거주자 및 재외동포는 이용이불가합니다.),2026-05-10 19:57:06
479,HCAMCXPRICAC0076_07972,유의사항,확인사항,참고사항,,,,,,,,,,,,,,,체크카드 이용 시 적용 환율,2026-05-10 19:57:06
480,HCAMCXPRICAC0076_07972,유의사항,확인사항,참고사항,,,,,,,,,,,,,,,일반가맹점 이용: 승인시점 KB국민은행 전신환매도율(전신송금환율),2026-05-10 19:57:06
481,HCAMCXPRICAC0076_07972,유의사항,확인사항,참고사항,,,,,,,,,,,,,,,무승인,2026-05-10 19:57:06
482,HCAMCXPRICAC0076_07972,유의사항,확인사항,참고사항,,,,,,,,,,,,,,,"일부 해외 거래 시 IC칩 비밀번호(PIN)을 요구하는 경우가 있으므로, 출국 전 반드시 IC칩 비밀번호(PIN) 등록여부를 확인하시기 바랍니다.",2026-05-10 19:57:06
483,HCAMCXPRICAC0076_07972,유의사항,확인사항,이용실적 제외 대상,,,,,,,,,,,,,,,"체크카드 공통 실적제외 대상 외 카드 별 이용실적 제외 대상이 별도로 존재할 수 있으니, 반드시 해당카드 안내를 참조하시기 바랍니다.",2026-05-10 19:57:06
484,HCAMCXPRICAC0076_07972,유의사항,확인사항,영업 마감시간 이후 결제계좌 출금,,,,,,,,,,,,,,,결제계좌 개설 기관의 영업 마감시간(16시) 이후 입금 된 금액에 대해서는 당일 출금되지 못하여 연체 처리 될 수 있으니 유의하시기 바랍니다.,2026-05-10 19:57:06
485,HCAMCXPRICAC0076_07972,유의사항,확인사항,영업 마감시간 이후 결제계좌 출금,,,,,,,,,,,,,,,자동이체 업무 마감시간 이후 당사 홈페이지,2026-05-10 19:57:06
486,HCAMCXPRICAC0076_07972,유의사항,확인사항,영업 마감시간 이후 결제계좌 출금,,,,,,,,,,,,,,,세부내용: KB국민카드 홈페이지 > MY KB > 바로출금 또는 가상계좌 참조,2026-05-10 19:57:06
487,HCAMCXPRICAC0076_07972,유의사항,확인사항,연체이자율,,,,,,,,,,,,,,,연체이자율 : 회원별,2026-05-10 19:57:06
488,HCAMCXPRICAC0076_07972,유의사항,확인사항,연체이자율,,,,,,,,,,,,,,,"단, 연체발생시점에 정상이자율이 없는 경우 아래와 같이 적용함",2026-05-10 19:57:06
489,HCAMCXPRICAC0076_07972,유의사항,확인사항,연체이자율,,,,,,,,,,,,,,,일시불 거래 연체시 : 거래발생시점의 최소기간(2개월) 유이자 할부 수수료율 적용,2026-05-10 19:57:06
490,HCAMCXPRICAC0076_07972,유의사항,확인사항,연체이자율,,,,,,,,,,,,,,,무이자할부 거래 연체시 : 거래발생시점의 동일한 할부계약기간의 유이자할부수수료율 적용,2026-05-10 19:57:06
491,HCAMCXPRICAC0076_07972,유의사항,확인사항,연체이자율,,,,,,,,,,,,,,,그 외의 경우 : 정상이자율은 상법상 상사법정이율과 상호금융 가계자금대출금리* 중 높은 금리 적용,2026-05-10 19:57:06
492,HCAMCXPRICAC0076_07972,유의사항,확인사항,기타,,,,,,,,,,,,,,,할인(적립) 서비스 제공 관련 카드별 유예기간은 해당카드를 생애 최초 발급받은 경우에 적용됩니다.,2026-05-10 19:57:06
493,HCAMCXPRICAC0076_07972,유의사항,확인사항,기타,,,,,,,,,,,,,,,할인(적립) 서비스는 제휴업체 정책에 따라 타 할인(적립)카드와 중복할인(적립)이 제한될 수 있습니다.,2026-05-10 19:57:06
494,HCAMCXPRICAC0076_07972,유의사항,확인사항,기타,,,,,,,,,,,,,,,할인,2026-05-10 19:57:06
495,HCAMCXPRICAC0076_07972,유의사항,확인사항,기타,,,,,,,,,,,,,,,환급할인은 체크카드 이용 후 이용전표가 매입처리(카드이용일로부터 약 2~3일 후) 완료된 후 할인금액을 출금계좌로환급하는 방식입니다.,2026-05-10 19:57:06
496,HCAMCXPRICAC0076_07972,유의사항,확인사항,기타,,,,,,,,,,,,,,,체크카드 소액신용결제서비스 신청 시 소액신용결제서비스로 이용된 금액은 체크카드 결제일에 결제계좌로 신용청구됩니다.,2026-05-10 19:57:06
497,HCAMCXPRICAC0076_07972,유의사항,확인사항,기타,,,,,,,,,,,,,,,체크카드로 철도승차권 예매 후 취소 시 반환수수료는 체크카드 결제일에 결제계좌로 신용 청구됩니다.,2026-05-10 19:57:06
498,HCAMCXPRICAC0076_07972,유의사항,확인사항,기타,,,,,,,,,,,,,,,"외국인 고객님께서 교통(RF)기능 탑재 상품 발급을 원할 시, 고객센터로 문의 주시기 바랍니다.",2026-05-10 19:57:06
499,HCAMCXPRICAC0076_07972,유의사항,확인사항,기타,,,,,,,,,,,,,,,KB국민카드 카드상품개발부 kkgc20163@kbfg.com,2026-05-10 19:57:06
500,HCAMCXPRICAC0076_07972,유의사항,연회비,카드이용,,,,,,,,,,,,,,,체크카드 이용제한 : 매월 세번째 일요일 00:00 ~ 06:00 중에는 은행 전산시스템 점검 관련으로 이용이 제한될 수 있습니다.,2026-05-10 19:57:06
501,HCAMCXPRICAC0076_07972,유의사항,연회비,카드이용,,,,,,,,,,,,,,,체크카드 환급할인 : 체크카드 이용 후 해당 이용건이 당사에 접수 완료(카드이용일로부터 약2~3일 소요)된 후 할인금액을 카드출금 계좌로 환급하는 방식입니다.,2026-05-10 19:57:06
502,HCAMCXPRICAC0076_07972,유의사항,연회비,카드이용,,,,,,,,,,,,,,,할인한도는 매월 1일 ~ 말일까지(승인시점 기준) 이용금액으로 적용됩니다.,2026-05-10 19:57:06
503,HCAMCXPRICAC0076_07972,유의사항,연회비,카드이용,,,,,,,,,,,,,,,"월간 통합할인한도는 체크카드 별로 월간 할인 받을 수 있는 최대 금액으로, 잔여한도는 다음달로 이월되지 않으며 전표가 매입되는 순서대로 월간 통합할인한도 내에서 차감됩니다.",2026-05-10 19:57:06
504,HCAMCXPRICAC0076_07972,유의사항,연회비,카드이용,,,,,,,,,,,,,,,"각 할인서비스는 월간 할인한도 내에서 적용되며, 잔여한도는 이월되지 않습니다.",2026-05-10 19:57:06
505,HCAMCXPRICAC0076_07972,유의사항,연회비,카드이용,,,,,,,,,,,,,,,할인받은 매출을 취소한 경우 취소 전표가 실시간 접수되지 않아 할인한도가 즉시 복원되지 않을 수 있습니다.,2026-05-10 19:57:06
506,HCAMCXPRICAC0076_07972,유의사항,연회비,카드이용,,,,,,,,,,,,,,,각 할인서비스는 해당 가맹점이 KB국민카드의 가맹점업종코드 상 할인대상 가맹점 업종으로 등록된 경우에 한하여 제공됩니다. 가맹점 정보가 해당 업체가 아닌 결제대행업체(PG) 또는 간편결제 전용 가맹점으로 확인되는 경우 ‘결제대행업체’ 또는 ‘간편결제’ 가맹점으로 분류되어 할인대상에서 제외됩니다. 자세한 사항은 KB국민카드 고객센터(☎1588-1688)에 문의하시기 바랍니다.,2026-05-10 19:57:06
507,HCAMCXPRICAC0076_07972,유의사항,연회비,카드이용,,,,,,,,,,,,,,,구매,2026-05-10 19:57:06
508,HCAMCXPRICAC0076_07972,유의사항,연회비,카드이용,,,,,,,,,,,,,,,상품권 및 선불카드(선불전자지급수단 포함) 구입·충전금액의 경우 할인대상에서 제외됩니다.,2026-05-10 19:57:06
509,HCAMCXPRICAC0076_07972,유의사항,연회비,카드이용,,,,,,,,,,,,,,,동일계열카드는 전월이용실적 및 할인한도가 합산됩니다.,2026-05-10 19:57:06
510,HCAMCXPRICAC0076_07972,유의사항,연회비,카드이용,,,,,,,,,,,,,,,"각 할인(적립)서비스는 KB국민카드 업종 분류 기준, 지정 업종 및 가맹점에 한하여 제공됩니다.",2026-05-10 19:57:06
