benefit_id,card_id,row_type,benefit_group,benefit_title,benefit_summary,category,on_offline,region,benefit_type,value,unit,target_merchants,excluded_merchants,performance_level,max_limit,benefit_content,updated_at 
1,AAP1731,혜택,KSP,KSP,많이 쓰는 영역 30% 자동 맞춤 할인,,Both,국내,서비스,,,,,,,많이 쓰는 영역 30% 자동 맞춤 할인,2026-04-08 13:22
2,AAP1731,혜택,KSP,KSP,교통·이동통신·스트리밍 10% 결제일할인,,Both,국내,서비스,,,,,,,교통·이동통신·스트리밍 10% 결제일할인,2026-04-08 13:22
3,AAP1731,혜택,KSP,KSP,온라인 간편결제·해외 3%·1% 결제일할인,,Both,국내,서비스,,,,,,,온라인 간편결제·해외 3%·1% 결제일할인,2026-04-08 13:22
4,AAP1731,혜택,카드이용TIP,카드이용TIP,알아두면 유용한 정보,,Both,국내,서비스,,,,,,,알아두면 유용한 정보,2026-04-08 13:22
5,AAP1731,혜택,카드이용TIP,카드이용TIP,컨택리스 결제 지원(해외겸용카드),,Both,국내,서비스,,,,,,,컨택리스 결제 지원(해외겸용카드),2026-04-08 13:22
6,AAP1731,혜택,카드이용TIP,카드이용TIP,카드플레이트에 인증마크가 있으면 단말기에 카드 터치만으로 결제가능! 해외에서도 안전하고 편리하게 결제하세요.,,Both,국내,서비스,,,,,,,카드플레이트에 인증마크가 있으면 단말기에 카드 터치만으로 결제가능! 해외에서도 안전하고 편리하게 결제하세요.,2026-04-08 13:22
7,AAP1731,혜택,카드이용TIP,카드이용TIP,취향 저격 맞춤 할인!주요 혜택 체크 포인트,,Both,국내,서비스,,,,,,,취향 저격 맞춤 할인!주요 혜택 체크 포인트,2026-04-08 13:22
8,AAP1731,혜택,카드이용TIP,카드이용TIP,① 많이 쓰는 영역 30% 자동 맞춤 할인,,Both,국내,서비스,,,,,,,① 많이 쓰는 영역 30% 자동 맞춤 할인,2026-04-08 13:22
9,AAP1731,혜택,카드이용TIP,카드이용TIP,"커피전문점, 배달앱, 델리 영역 중 매달 가장 많이 쓴 곳에서 월 최대 10,000원이 자동으로 할인돼요. 할인된 금액은 매달 결제대금에서 자동 차감되니 더 편리해요.",,Both,국내,서비스,,,,,,,"커피전문점, 배달앱, 델리 영역 중 매달 가장 많이 쓴 곳에서 월 최대 10,000원이 자동으로 할인돼요. 할인된 금액은 매달 결제대금에서 자동 차감되니 더 편리해요.",2026-04-08 13:22
10,AAP1731,혜택,카드이용TIP,카드이용TIP,② 교통/이동통신/스트리밍 10% 결제일할인,,Both,국내,서비스,,,,,,,② 교통/이동통신/스트리밍 10% 결제일할인,2026-04-08 13:22
11,AAP1731,혜택,카드이용TIP,카드이용TIP,"버스, 지하철, 택시 이용건과 이동통신, 스트리밍 이용료 정기결제건은 월 최대 20,000원을 할인 받을 수 있어요.",,Both,국내,서비스,,,,,,,"버스, 지하철, 택시 이용건과 이동통신, 스트리밍 이용료 정기결제건은 월 최대 20,000원을 할인 받을 수 있어요.",2026-04-08 13:22
12,AAP1731,혜택,카드이용TIP,카드이용TIP,③ 온라인 간편결제/해외 3%/1% 결제일할인,,Both,국내,서비스,,,,,,,③ 온라인 간편결제/해외 3%/1% 결제일할인,2026-04-08 13:22
13,AAP1731,혜택,카드이용TIP,카드이용TIP,"온라인에서도, 해외에서도 월 최대 3% 할인을 받을 수 있어요.",,Both,국내,서비스,,,,,,,"온라인에서도, 해외에서도 월 최대 3% 할인을 받을 수 있어요.",2026-04-08 13:22
14,AAP1731,혜택,카드이용TIP,카드이용TIP,Q. 전월 이용금액 채울 때 기억할 점은?,,Both,국내,서비스,,,,,,,Q. 전월 이용금액 채울 때 기억할 점은?,2026-04-08 13:22
15,AAP1731,혜택,카드이용TIP,카드이용TIP,A. 3%/10% 할인 받은 이용금액 제외!,,Both,국내,서비스,,,,,,,A. 3%/10% 할인 받은 이용금액 제외!,2026-04-08 13:22
16,AAP1731,혜택,카드이용TIP,카드이용TIP,"이 카드는 3%/10% 할인이 적용된 이용금액은 전월 이용금액에서 제외되고, 할인 대상 가맹점에서 결제한 나머지 금액은 모두 포함돼요.",,Both,국내,서비스,,,,,,,"이 카드는 3%/10% 할인이 적용된 이용금액은 전월 이용금액에서 제외되고, 할인 대상 가맹점에서 결제한 나머지 금액은 모두 포함돼요.",2026-04-08 13:22
17,AAP1731,혜택,카드 디자인 소개,카드이용TIP,삼성 iD 카드 진짜 나를 담은 카드 / 내 마음대로 고르는 디자인- 다양한 스타일로 새롭게 선보이는 삼성 iD 카드를 소개합니다.,,Both,국내,서비스,,,,,,,삼성 iD 카드 진짜 나를 담은 카드 / 내 마음대로 고르는 디자인- 다양한 스타일로 새롭게 선보이는 삼성 iD 카드를 소개합니다.,2026-04-08 13:22
18,AAP1731,혜택,카드 디자인 소개,카드이용TIP,뉴블루 디자인,,Both,국내,서비스,,,,,,,"뉴블루: 재생 플라스틱 소재에 통통 튀는 뉴블루 컬러, 하단에는 노치 쉐입을 적용하여 유니크한 감성과 사용 편리성을 업그레이드한 플레이트로스페셜 에디션만의 특별함을 경험해 보세요.",2026-04-08 13:22
19,AAP1731,혜택,카드 디자인 소개,카드이용TIP,모던 디자인,,Both,국내,서비스,,,,,,,모던: 군더더기 없는 심플함을 추구하는 취향에 맞춤- 트렌드에 영향을 받지 않는 미니멀한 디자인과 홀로그램 dot에 반짝반짝 빛나는 나의 일상을 투영해 보세요.,2026-04-08 13:22
20,AAP1731,혜택,카드 디자인 소개,카드이용TIP,펑키 디자인,,Both,국내,서비스,,,,,,,펑키: 톡톡 튀는 개성으로 어디서나 돋보이는 취향에 맞춤- 과감한 타이포그래피에 위트 있는 아이콘을 더한 디자인으로 어디에서든 돋보이는 나만의 아이덴티티를 표현해 보세요.,2026-04-08 13:22
21,AAP1731,혜택,많이 쓰는 영역 자동 맞춤 할인,서비스안내,커피전문점·배달앱·델리 영역 중 월 이용금액이 가장 큰 1개 영역에 대해 30% 결제일할인,커피/카페/베이커리,Both,국내,할인,30,%,,"무이자할부, 삼성카드 할인이 적용된 일시불 및 할부 이용금액, 기프트/선불카드(포인트, 사이버머니 등 전자지급수단 포함) 구매 및 충전, 상품권 구매건",300000,10000,커피전문점·배달앱·델리 영역 중 월 이용금액이 가장 큰 1개 영역에 대해 30% 결제일할인,2026-04-08 13:22
22,AAP1731,혜택,많이 쓰는 영역 자동 맞춤 할인,서비스안내,온라인 간편결제·해외 3%·1% 할인 혜택과 중복 적용,페이/간편결제,Online,국내,할인,30,%,,"무이자할부, 삼성카드 할인이 적용된 일시불 및 할부 이용금액, 기프트/선불카드(포인트, 사이버머니 등 전자지급수단 포함) 구매 및 충전, 상품권 구매건",300000,10000,온라인 간편결제·해외 3%·1% 할인 혜택과 중복 적용,2026-04-08 13:22
23,AAP1731,혜택,많이 쓰는 영역 자동 맞춤 할인,대상점,커피전문점 30% 할인,커피/카페/베이커리,Both,국내,할인,30,%,"스타벅스, 이디야커피, 커피빈, 투썸플레이스, 블루보틀","무이자할부, 삼성카드 할인이 적용된 일시불 및 할부 이용금액, 기프트/선불카드(포인트, 사이버머니 등 전자지급수단 포함) 구매 및 충전, 상품권 구매건",300000,10000,"커피전문점: 스타벅스, 이디야커피, 커피빈, 투썸플레이스, 블루보틀",2026-04-08 13:22
24,AAP1731,혜택,많이 쓰는 영역 자동 맞춤 할인,대상점,배달앱 30% 할인,배달,Online,국내,할인,30,%,"배달의민족, 요기요","무이자할부, 삼성카드 할인이 적용된 일시불 및 할부 이용금액, 기프트/선불카드(포인트, 사이버머니 등 전자지급수단 포함) 구매 및 충전, 상품권 구매건",300000,10000,"배달앱: 배달의민족, 요기요",2026-04-08 13:22
25,AAP1731,혜택,많이 쓰는 영역 자동 맞춤 할인,대상점,델리 30% 할인,외식,Both,국내,할인,30,%,"쉐이크쉑, 써브웨이, 파리바게뜨, 배스킨라빈스, 던킨","무이자할부, 삼성카드 할인이 적용된 일시불 및 할부 이용금액, 기프트/선불카드(포인트, 사이버머니 등 전자지급수단 포함) 구매 및 충전, 상품권 구매건",300000,10000,"델리: 쉐이크쉑, 써브웨이, 파리바게뜨, 배스킨라빈스, 던킨",2026-04-08 13:22
26,AAP1731,할인기준,많이 쓰는 영역 자동 맞춤 할인,이용조건,"월 할인한도 : 10,000원",,,,,,,,,,10000,"월 할인한도 : 10,000원",2026-04-08 13:22
27,AAP1731,할인기준,많이 쓰는 영역 자동 맞춤 할인,이용조건,전월 이용금액 30만원 이상 시 제공,,,,,,,,,300000,10000,전월 이용금액 30만원 이상 시 제공,2026-04-08 13:22
28,AAP1731,할인기준,많이 쓰는 영역 자동 맞춤 할인,이용조건,발급월+1개월까지는 전월 이용금액 30만원 미만 시에도 제공,,,,,,,,,300000,10000,발급월+1개월까지는 전월 이용금액 30만원 미만 시에도 제공,2026-04-08 13:22
29,AAP1731,유의사항,많이 쓰는 영역 자동 맞춤 할인,할인 제외 대상,"무이자할부, 삼성카드 할인이 적용된 일시불 및 할부 이용금액, 기프트/선불카드(포인트, 사이버머니 등 전자지급수단 포함) 구매 및 충전, 상품권 구매건",,,,,,,,,,,"무이자할부, 삼성카드 할인이 적용된 일시불 및 할부 이용금액, 기프트/선불카드(포인트, 사이버머니 등 전자지급수단 포함) 구매 및 충전, 상품권 구매건",2026-04-08 13:22
30,AAP1731,유의사항,많이 쓰는 영역 자동 맞춤 할인,유의사항,결제일할인금액은 다음 달 15일 이후 결제대금에서 차감,,,,,,,,,,,결제일할인금액은 다음 달 15일 이후 결제대금에서 차감,2026-04-08 13:22
31,AAP1731,유의사항,많이 쓰는 영역 자동 맞춤 할인,유의사항,3개 영역 월 합산 이용금액 1원 이상 시 제공(1개 영역 이상 이용 시 제공),,,,,,,,,,,3개 영역 월 합산 이용금액 1원 이상 시 제공(1개 영역 이상 이용 시 제공),2026-04-08 13:22
32,AAP1731,유의사항,많이 쓰는 영역 자동 맞춤 할인,유의사항,"결제 취소건의 경우, 매출취소전표 접수월의 3개 영역 합산 이용금액 및 영역별 이용금액에 반영",,,,,,,,,,,"결제 취소건의 경우, 매출취소전표 접수월의 3개 영역 합산 이용금액 및 영역별 이용금액에 반영",2026-04-08 13:22
33,AAP1731,유의사항,많이 쓰는 영역 자동 맞춤 할인,유의사항,"오프라인 결제건에 한하며, 백화점, 할인점, 쇼핑몰 등의 임대매장은 제외(단, 스타벅스의 경우, 사이렌오더 결제건도 혜택 제공)",,,,,,,,,,,"오프라인 결제건에 한하며, 백화점, 할인점, 쇼핑몰 등의 임대매장은 제외(단, 스타벅스의 경우, 사이렌오더 결제건도 혜택 제공)",2026-04-08 13:22
34,AAP1731,유의사항,많이 쓰는 영역 자동 맞춤 할인,유의사항,"배달앱은 공식 홈페이지·앱을 통한 결제건에 한하며, 가맹점 직접 결제건은 제외",,,,,,,,,,,"배달앱은 공식 홈페이지·앱을 통한 결제건에 한하며, 가맹점 직접 결제건은 제외",2026-04-08 13:22
35,AAP1731,유의사항,많이 쓰는 영역 자동 맞춤 할인,유의사항,가족카드에는 제공되지 않음,,,,,,,,,,,가족카드에는 제공되지 않음,2026-04-08 13:22
36,AAP1731,유의사항,많이 쓰는 영역 자동 맞춤 할인,유의사항,"삼성카드의 다른 결제일할인 혜택과 중복 적용되지 않으며, 할인 혜택이 큰 금액만 적용",,,,,,,,,,,"삼성카드의 다른 결제일할인 혜택과 중복 적용되지 않으며, 할인 혜택이 큰 금액만 적용",2026-04-08 13:22
37,AAP1731,유의사항,많이 쓰는 영역 자동 맞춤 할인,유의사항,"할인 혜택 및 전월 이용금액 산정은 승인 시점 기준으로 적용.다만, 해외 결제건 및 무승인 결제건(예 : 대중교통, 이동통신 등 자동납부 결제건 등)은 매출전표 접수 시점 기준으로 적용",,,,,,,,,,,"할인 혜택 및 전월 이용금액 산정은 승인 시점 기준으로 적용.다만, 해외 결제건 및 무승인 결제건(예 : 대중교통, 이동통신 등 자동납부 결제건 등)은 매출전표 접수 시점 기준으로 적용",2026-04-08 13:22
38,AAP1731,유의사항,많이 쓰는 영역 자동 맞춤 할인,유의사항,"자체 가맹점번호로 승인 처리되는 일부 결제건(간편결제, 키오스크 등)은 할인 대상에서 제외",,,,,,,,,,,"자체 가맹점번호로 승인 처리되는 일부 결제건(간편결제, 키오스크 등)은 할인 대상에서 제외",2026-04-08 13:22
39,AAP1731,유의사항,많이 쓰는 영역 자동 맞춤 할인,유의사항,"전월 이용금액이란, 매월 1일부터 말일까지 이용한 일시불 및 할부 이용금액을 의미하며, 단기카드대출(현금서비스), 장기카드대출(카드론), 각종 수수료 및 이자(할부수수료, 카드대출 이자 등), 연체료, 연회비 납부건은 일시불 및 할부 이용금액에 해당되지 않음",,,,,,,,,,,"전월 이용금액이란, 매월 1일부터 말일까지 이용한 일시불 및 할부 이용금액을 의미하며, 단기카드대출(현금서비스), 장기카드대출(카드론), 각종 수수료 및 이자(할부수수료, 카드대출 이자 등), 연체료, 연회비 납부건은 일시불 및 할부 이용금액에 해당되지 않음",2026-04-08 13:22
40,AAP1731,유의사항,많이 쓰는 영역 자동 맞춤 할인,유의사항,"전월 이용금액 대상 산정 시, 온라인 간편결제·해외 3% 할인/교통·이동통신·스트리밍 10% 할인 혜택이 제공된 전체 이용금액, 건강보험/국민연금/고용보험/산재보험 및 장애인 고용부담금, 국세/지방세/공과금, 초·중·고등학교 학교납입금, 대학 등록금, 대중교통, 택시, 아파트 관리비, 부동산 임대료, 기프트/선불카드(포인트, 사이버머니 등 전자지급수단 포함) 구매 및 충전, 상품권 구매건은 제외",,,,,,,,,,,"전월 이용금액 대상 산정 시, 온라인 간편결제·해외 3% 할인/교통·이동통신·스트리밍 10% 할인 혜택이 제공된 전체 이용금액, 건강보험/국민연금/고용보험/산재보험 및 장애인 고용부담금, 국세/지방세/공과금, 초·중·고등학교 학교납입금, 대학 등록금, 대중교통, 택시, 아파트 관리비, 부동산 임대료, 기프트/선불카드(포인트, 사이버머니 등 전자지급수단 포함) 구매 및 충전, 상품권 구매건은 제외",2026-04-08 13:22
41,AAP1731,유의사항,많이 쓰는 영역 자동 맞춤 할인,유의사항,삼성카드 가맹점 업종 분류 기준에 의한 등록 가맹점에 한함,,,,,,,,,,,삼성카드 가맹점 업종 분류 기준에 의한 등록 가맹점에 한함,2026-04-08 13:22
42,AAP1731,유의사항,많이 쓰는 영역 자동 맞춤 할인,유의사항,"삼성카드는 아래 항목을 공과금으로 분류함 전기요금, 사회보험료(건강보험/국민연금/고용보험/산재보험), 우편요금, 도시가스요금, 여권 발급비용, 상하수도요금, 과태료, 범칙금, 벌금, 국가·공공기관·공공단체(지방자치단체, 공공조합, 영조물, 공재단)에서 개설한 가맹점 이용금액",,,,,,,,,,,"삼성카드는 아래 항목을 공과금으로 분류함 전기요금, 사회보험료(건강보험/국민연금/고용보험/산재보험), 우편요금, 도시가스요금, 여권 발급비용, 상하수도요금, 과태료, 범칙금, 벌금, 국가·공공기관·공공단체(지방자치단체, 공공조합, 영조물, 공재단)에서 개설한 가맹점 이용금액",2026-04-08 13:22
43,AAP1731,유의사항,많이 쓰는 영역 자동 맞춤 할인,유의사항,"결제 취소건의 경우, 매출취소전표 접수월의 이용금액에서 차감 반영 포인트가 적립된 결제건이 취소될 경우, 해당 포인트는 보유 포인트에서 자동 차감되며, 포인트 부족 시 카드 결제계좌에서 자동 출금",,,,,,,,,,,"결제 취소건의 경우, 매출취소전표 접수월의 이용금액에서 차감 반영 포인트가 적립된 결제건이 취소될 경우, 해당 포인트는 보유 포인트에서 자동 차감되며, 포인트 부족 시 카드 결제계좌에서 자동 출금",2026-04-08 13:22
44,AAP1731,혜택,교통·이동통신·스트리밍 할인,서비스안내,교통·이동통신·스트리밍 10% 결제일할인,대중교통/택시,Offline,국내,할인,10,%,,"무이자할부, 삼성카드 할인이 적용된 일시불 및 할부 이용금액, 교통·이동통신·스트리밍 10% 할인이 적용되지 않은 대중교통 및 택시 이용금액, 고속버스(차내 단말기 및 고속버스 앱 결제), 고속도로 통행요금, 기프트/선불카드(포인트, 사이버머니 등 전자지급수단 포함) 구매 및 충전, 상품권 구매건",300000,,교통·이동통신·스트리밍 10% 결제일할인,2026-04-08 13:22
45,AAP1731,혜택,교통·이동통신·스트리밍 할인,대상점,교통 10% 할인,대중교통/택시,Offline,국내,할인,10,%,"대중교통(버스, 지하철), 택시","무이자할부, 삼성카드 할인이 적용된 일시불 및 할부 이용금액, 교통·이동통신·스트리밍 10% 할인이 적용되지 않은 대중교통 및 택시 이용금액, 고속버스(차내 단말기 및 고속버스 앱 결제), 고속도로 통행요금, 기프트/선불카드(포인트, 사이버머니 등 전자지급수단 포함) 구매 및 충전, 상품권 구매건",300000,,"교통: 대중교통(버스, 지하철), 택시",2026-04-08 13:22
46,AAP1731,혜택,교통·이동통신·스트리밍 할인,대상점,이동통신 10% 할인,생활비_통신,Online,국내,할인,10,%,"SKT, KT, LG U+, 알뜰폰 이동통신요금 정기결제건","무이자할부, 삼성카드 할인이 적용된 일시불 및 할부 이용금액, 교통·이동통신·스트리밍 10% 할인이 적용되지 않은 대중교통 및 택시 이용금액, 고속버스(차내 단말기 및 고속버스 앱 결제), 고속도로 통행요금, 기프트/선불카드(포인트, 사이버머니 등 전자지급수단 포함) 구매 및 충전, 상품권 구매건",300000,,"이동통신: SKT, KT, LG U+, 알뜰폰 이동통신요금 정기결제건",2026-04-08 13:22
47,AAP1731,혜택,교통·이동통신·스트리밍 할인,대상점,스트리밍 10% 할인,구독/스트리밍,Online,국내,할인,10,%,"넷플릭스, 웨이브, 티빙, 왓챠, 멜론, FLO 정기결제건","무이자할부, 삼성카드 할인이 적용된 일시불 및 할부 이용금액, 교통·이동통신·스트리밍 10% 할인이 적용되지 않은 대중교통 및 택시 이용금액, 고속버스(차내 단말기 및 고속버스 앱 결제), 고속도로 통행요금, 기프트/선불카드(포인트, 사이버머니 등 전자지급수단 포함) 구매 및 충전, 상품권 구매건",300000,,"스트리밍: 넷플릭스, 웨이브, 티빙, 왓챠, 멜론, FLO 정기결제건",2026-04-08 13:22
48,AAP1731,할인기준,교통·이동통신·스트리밍 할인,이용조건,"10,000원 30만원 이상: 20,000원",,,,,20000,원,,,,,"10,000원 30만원 이상: 20,000원",2026-04-08 13:22
49,AAP1731,할인기준,교통·이동통신·스트리밍 할인,이용조건,발급월+1개월까지는 전월 이용금액 30만원 미만 시에도 30만원 이상~60만원 미만 실적구간 혜택 제공(전월 이용금액 60만원 이상 시에는 해당 실적구간 혜택 제공),,,,,,,,,300000,,발급월+1개월까지는 전월 이용금액 30만원 미만 시에도 30만원 이상~60만원 미만 실적구간 혜택 제공(전월 이용금액 60만원 이상 시에는 해당 실적구간 혜택 제공),2026-04-08 13:22
50,AAP1731,유의사항,교통·이동통신·스트리밍 할인,할인 제외 대상,"무이자할부, 삼성카드 할인이 적용된 일시불 및 할부 이용금액, 교통·이동통신·스트리밍 10% 할인이 적용되지 않은 대중교통 및 택시 이용금액, 고속버스(차내 단말기 및 고속버스 앱 결제), 고속도로 통행요금, 기프트/선불카드(포인트, 사이버머니 등 전자지급수단 포함) 구매 및 충전, 상품권 구매건",,,,,,,,,,,"무이자할부, 삼성카드 할인이 적용된 일시불 및 할부 이용금액, 교통·이동통신·스트리밍 10% 할인이 적용되지 않은 대중교통 및 택시 이용금액, 고속버스(차내 단말기 및 고속버스 앱 결제), 고속도로 통행요금, 기프트/선불카드(포인트, 사이버머니 등 전자지급수단 포함) 구매 및 충전, 상품권 구매건",2026-04-08 13:22
51,AAP1731,유의사항,교통·이동통신·스트리밍 할인,유의사항,"교통은 오프라인 결제건에 한하며, 시외·고속버스는 제외",,,,,,,,,,,"교통은 오프라인 결제건에 한하며, 시외·고속버스는 제외",2026-04-08 13:22
52,AAP1731,유의사항,교통·이동통신·스트리밍 할인,유의사항,"이동통신은 결합상품요금, 휴대전화 등 단말기 구매금액 및 대리점 카드 결제건 제외",,,,,,,,,,,"이동통신은 결합상품요금, 휴대전화 등 단말기 구매금액 및 대리점 카드 결제건 제외",2026-04-08 13:22
53,AAP1731,유의사항,교통·이동통신·스트리밍 할인,유의사항,"이동통신의 경우, 알뜰폰은 SK텔링크, KT스카이라이프, KT M모바일, 헬로모바일, 미디어로그에 한함",,,,,,,,,,,"이동통신의 경우, 알뜰폰은 SK텔링크, KT스카이라이프, KT M모바일, 헬로모바일, 미디어로그에 한함",2026-04-08 13:22
54,AAP1731,유의사항,교통·이동통신·스트리밍 할인,유의사항,스트리밍은 간편결제건 및 앱스토어를 통한 결제건(인앱 결제) 제외,,,,,,,,,,,스트리밍은 간편결제건 및 앱스토어를 통한 결제건(인앱 결제) 제외,2026-04-08 13:22
55,AAP1731,유의사항,교통·이동통신·스트리밍 할인,유의사항,"삼성카드의 다른 결제일할인 혜택과 중복 적용되지 않으며, 할인 혜택이 큰 금액만 적용",,,,,,,,,,,"삼성카드의 다른 결제일할인 혜택과 중복 적용되지 않으며, 할인 혜택이 큰 금액만 적용",2026-04-08 13:22
56,AAP1731,유의사항,교통·이동통신·스트리밍 할인,유의사항,"본인카드와 가족카드의 이용실적, 할인한도는 합산하여 산정",,,,,,,,,,,"본인카드와 가족카드의 이용실적, 할인한도는 합산하여 산정",2026-04-08 13:22
57,AAP1731,유의사항,교통·이동통신·스트리밍 할인,유의사항,"할인 혜택 및 전월 이용금액 산정은 승인 시점 기준으로 적용.다만, 해외 결제건 및 무승인 결제건(예 : 대중교통, 이동통신 등 자동납부 결제건 등)은 매출전표 접수 시점 기준으로 적용",,,,,,,,,,,"할인 혜택 및 전월 이용금액 산정은 승인 시점 기준으로 적용.다만, 해외 결제건 및 무승인 결제건(예 : 대중교통, 이동통신 등 자동납부 결제건 등)은 매출전표 접수 시점 기준으로 적용",2026-04-08 13:22
58,AAP1731,유의사항,교통·이동통신·스트리밍 할인,유의사항,"자체 가맹점번호로 승인 처리되는 일부 결제건(간편결제, 키오스크 등)은 할인 대상에서 제외",,,,,,,,,,,"자체 가맹점번호로 승인 처리되는 일부 결제건(간편결제, 키오스크 등)은 할인 대상에서 제외",2026-04-08 13:22
59,AAP1731,유의사항,교통·이동통신·스트리밍 할인,유의사항,"전월 이용금액이란, 매월 1일부터 말일까지 이용한 일시불 및 할부 이용금액을 의미하며, 단기카드대출(현금서비스), 장기카드대출(카드론), 각종 수수료 및 이자(할부수수료, 카드대출 이자 등), 연체료, 연회비 납부건은 일시불 및 할부 이용금액에 해당되지 않음",,,,,,,,,,,"전월 이용금액이란, 매월 1일부터 말일까지 이용한 일시불 및 할부 이용금액을 의미하며, 단기카드대출(현금서비스), 장기카드대출(카드론), 각종 수수료 및 이자(할부수수료, 카드대출 이자 등), 연체료, 연회비 납부건은 일시불 및 할부 이용금액에 해당되지 않음",2026-04-08 13:22
60,AAP1731,유의사항,교통·이동통신·스트리밍 할인,유의사항,"전월 이용금액 산정 시, 온라인 간편결제·해외 3% 할인/교통·이동통신·스트리밍 10% 할인 혜택이 제공된 전체 이용금액, 건강보험/국민연금/고용보험/산재보험 및 장애인 고용부담금, 국세/지방세/공과금, 초·중·고등학교 학교납입금, 대학 등록금, 대중교통, 택시, 아파트 관리비, 부동산 임대료, 기프트/선불카드(포인트, 사이버머니 등 전자지급수단 포함) 구매 및 충전, 상품권 구매건은 제외",,,,,,,,,,,"전월 이용금액 산정 시, 온라인 간편결제·해외 3% 할인/교통·이동통신·스트리밍 10% 할인 혜택이 제공된 전체 이용금액, 건강보험/국민연금/고용보험/산재보험 및 장애인 고용부담금, 국세/지방세/공과금, 초·중·고등학교 학교납입금, 대학 등록금, 대중교통, 택시, 아파트 관리비, 부동산 임대료, 기프트/선불카드(포인트, 사이버머니 등 전자지급수단 포함) 구매 및 충전, 상품권 구매건은 제외",2026-04-08 13:22
61,AAP1731,유의사항,교통·이동통신·스트리밍 할인,유의사항,삼성카드 가맹점 업종 분류 기준에 의한 등록 가맹점에 한함,,,,,,,,,,,삼성카드 가맹점 업종 분류 기준에 의한 등록 가맹점에 한함,2026-04-08 13:22
62,AAP1731,유의사항,교통·이동통신·스트리밍 할인,유의사항,"삼성카드는 아래 항목을 공과금으로 분류함 전기요금, 사회보험료(건강보험/국민연금/고용보험/산재보험), 우편요금, 도시가스요금, 여권 발급비용, 상하수도요금, 과태료, 범칙금, 벌금, 국가·공공기관·공공단체(지방자치단체, 공공조합, 영조물, 공재단)에서 개설한 가맹점 이용금액",,,,,,,,,,,"삼성카드는 아래 항목을 공과금으로 분류함 전기요금, 사회보험료(건강보험/국민연금/고용보험/산재보험), 우편요금, 도시가스요금, 여권 발급비용, 상하수도요금, 과태료, 범칙금, 벌금, 국가·공공기관·공공단체(지방자치단체, 공공조합, 영조물, 공재단)에서 개설한 가맹점 이용금액",2026-04-08 13:22
63,AAP1731,유의사항,교통·이동통신·스트리밍 할인,유의사항,"결제 취소건의 경우, 매출취소전표 접수월의 이용금액에서 차감 반영 포인트가 적립된 결제건이 취소될 경우, 해당 포인트는 보유 포인트에서 자동 차감되며, 포인트 부족 시 카드 결제계좌에서 자동 출금",,,,,,,,,,,"결제 취소건의 경우, 매출취소전표 접수월의 이용금액에서 차감 반영 포인트가 적립된 결제건이 취소될 경우, 해당 포인트는 보유 포인트에서 자동 차감되며, 포인트 부족 시 카드 결제계좌에서 자동 출금",2026-04-08 13:22
64,AAP1731,혜택,온라인간편결제·해외 할인,서비스안내,온라인 간편결제·해외 3% 결제일할인,페이/간편결제,Online,국내,할인,3,%,,"무이자할부, 삼성카드 할인이 적용된 일시불 및 할부 이용금액, 건강보험/국민연금/고용보험/산재보험 및 장애인 고용부담금, 국세/지방세/공과금, 초·중·고등학교 학교납입금, 대학 등록금, 교통·이동통신·스트리밍 10% 할인이 적용되지 않은 대중교통 및 택시 이용금액, 고속버스(차내 단말기 및 고속버스 앱 결제), 고속도로 통행요금, 부동산 임대료, 기프트/선불카드(포인트, 사이버머니 등 전자지급수단 포함) 구매 및 충전, 상품권 구매, 문자알림서비스, 스마트오토서비스 이용금액",300000,,온라인 간편결제·해외 3% 결제일할인,2026-04-08 13:22
65,AAP1731,혜택,온라인간편결제·해외 할인,서비스안내,전월 이용금액 30만원 미만 시 또는 월 할인한도 초과 시에는 1% 결제일할인,,Both,국내,할인,3,%,,"무이자할부, 삼성카드 할인이 적용된 일시불 및 할부 이용금액, 건강보험/국민연금/고용보험/산재보험 및 장애인 고용부담금, 국세/지방세/공과금, 초·중·고등학교 학교납입금, 대학 등록금, 교통·이동통신·스트리밍 10% 할인이 적용되지 않은 대중교통 및 택시 이용금액, 고속버스(차내 단말기 및 고속버스 앱 결제), 고속도로 통행요금, 부동산 임대료, 기프트/선불카드(포인트, 사이버머니 등 전자지급수단 포함) 구매 및 충전, 상품권 구매, 문자알림서비스, 스마트오토서비스 이용금액",300000,,전월 이용금액 30만원 미만 시 또는 월 할인한도 초과 시에는 1% 결제일할인,2026-04-08 13:22
66,AAP1731,혜택,온라인간편결제·해외 할인,대상점,온라인 간편결제 3% 할인,페이/간편결제,Online,국내,할인,3,%,"삼성페이, 네이버페이, 카카오페이, PAYCO, 스마일페이, coupay, SSGPAY, L.PAY","무이자할부, 삼성카드 할인이 적용된 일시불 및 할부 이용금액, 건강보험/국민연금/고용보험/산재보험 및 장애인 고용부담금, 국세/지방세/공과금, 초·중·고등학교 학교납입금, 대학 등록금, 교통·이동통신·스트리밍 10% 할인이 적용되지 않은 대중교통 및 택시 이용금액, 고속버스(차내 단말기 및 고속버스 앱 결제), 고속도로 통행요금, 부동산 임대료, 기프트/선불카드(포인트, 사이버머니 등 전자지급수단 포함) 구매 및 충전, 상품권 구매, 문자알림서비스, 스마트오토서비스 이용금액",300000,,"온라인 간편결제: 삼성페이, 네이버페이, 카카오페이, PAYCO, 스마일페이, coupay, SSGPAY, L.PAY",2026-04-08 13:22
67,AAP1731,혜택,온라인간편결제·해외 할인,대상점,해외 3% 할인,해외결제,Both,해외,할인,3,%,해외 가맹점 및 해외 직접구매 이용건,"무이자할부, 삼성카드 할인이 적용된 일시불 및 할부 이용금액, 건강보험/국민연금/고용보험/산재보험 및 장애인 고용부담금, 국세/지방세/공과금, 초·중·고등학교 학교납입금, 대학 등록금, 교통·이동통신·스트리밍 10% 할인이 적용되지 않은 대중교통 및 택시 이용금액, 고속버스(차내 단말기 및 고속버스 앱 결제), 고속도로 통행요금, 부동산 임대료, 기프트/선불카드(포인트, 사이버머니 등 전자지급수단 포함) 구매 및 충전, 상품권 구매, 문자알림서비스, 스마트오토서비스 이용금액",300000,,해외: 해외 가맹점 및 해외 직접구매 이용건,2026-04-08 13:22
68,AAP1731,할인기준,온라인간편결제·해외 할인,이용조건,할인율 30만원 미만: 1%,,,,,1,%,,,,,할인율 30만원 미만: 1%,2026-04-08 13:22
69,AAP1731,할인기준,온라인간편결제·해외 할인,이용조건,할인율 30만원 이상: 3%,,,,,3,%,,,,,할인율 30만원 이상: 3%,2026-04-08 13:22
70,AAP1731,할인기준,온라인간편결제·해외 할인,이용조건,할인율 60만원 이상: 3%,,,,,3,%,,,,,할인율 60만원 이상: 3%,2026-04-08 13:22
71,AAP1731,할인기준,온라인간편결제·해외 할인,이용조건,할인 한도 30만원 미만: -,,,,,,,,,,,할인 한도 30만원 미만: -,2026-04-08 13:22
72,AAP1731,할인기준,온라인간편결제·해외 할인,이용조건,"할인 한도 30만원 이상: 5,000원",,,,,5000,원,,,,,"할인 한도 30만원 이상: 5,000원",2026-04-08 13:22
73,AAP1731,할인기준,온라인간편결제·해외 할인,이용조건,"할인 한도 60만원 이상: 10,000원",,,,,10000,원,,,,,"할인 한도 60만원 이상: 10,000원",2026-04-08 13:22
74,AAP1731,할인기준,온라인간편결제·해외 할인,이용조건,발급월+1개월까지는 전월 이용금액 30만원 미만 시에도 30만원 이상~60만원 미만 실적구간 혜택 제공(전월 이용금액 60만원 이상 시에는 해당 실적구간 혜택 제공,,,,,,,,,300000,,발급월+1개월까지는 전월 이용금액 30만원 미만 시에도 30만원 이상~60만원 미만 실적구간 혜택 제공(전월 이용금액 60만원 이상 시에는 해당 실적구간 혜택 제공,2026-04-08 13:22
75,AAP1731,유의사항,온라인간편결제·해외 할인,할인 제외 대상,"무이자할부, 삼성카드 할인이 적용된 일시불 및 할부 이용금액, 건강보험/국민연금/고용보험/산재보험 및 장애인 고용부담금, 국세/지방세/공과금, 초·중·고등학교 학교납입금, 대학 등록금, 교통·이동통신·스트리밍 10% 할인이 적용되지 않은 대중교통 및 택시 이용금액, 고속버스(차내 단말기 및 고속버스 앱 결제), 고속도로 통행요금, 부동산 임대료, 기프트/선불카드(포인트, 사이버머니 등 전자지급수단 포함) 구매 및 충전, 상품권 구매, 문자알림서비스, 스마트오토서비스 이용금액",,,,,,,,,,,"무이자할부, 삼성카드 할인이 적용된 일시불 및 할부 이용금액, 건강보험/국민연금/고용보험/산재보험 및 장애인 고용부담금, 국세/지방세/공과금, 초·중·고등학교 학교납입금, 대학 등록금, 교통·이동통신·스트리밍 10% 할인이 적용되지 않은 대중교통 및 택시 이용금액, 고속버스(차내 단말기 및 고속버스 앱 결제), 고속도로 통행요금, 부동산 임대료, 기프트/선불카드(포인트, 사이버머니 등 전자지급수단 포함) 구매 및 충전, 상품권 구매, 문자알림서비스, 스마트오토서비스 이용금액",2026-04-08 13:22
76,AAP1731,유의사항,온라인간편결제·해외 할인,유의사항,3% 할인 혜택의 월 할인한도 초과 시 다음 결제건부터 1% 할인 적용,,,,,,,,,,,3% 할인 혜택의 월 할인한도 초과 시 다음 결제건부터 1% 할인 적용,2026-04-08 13:22
77,AAP1731,유의사항,온라인간편결제·해외 할인,유의사항,"온라인 간편결제는 국내 온라인 가맹점에 한하며, 오프라인 매장 결제건(바코드, QR코드, 스마트폰 NFC 등)은 제외",,,,,,,,,,,"온라인 간편결제는 국내 온라인 가맹점에 한하며, 오프라인 매장 결제건(바코드, QR코드, 스마트폰 NFC 등)은 제외",2026-04-08 13:22
78,AAP1731,유의사항,온라인간편결제·해외 할인,유의사항,해외는 해외겸용카드에 한해 제공,,,,,,,,,,,해외는 해외겸용카드에 한해 제공,2026-04-08 13:22
79,AAP1731,유의사항,온라인간편결제·해외 할인,유의사항,해외 이용 시 별도의 수수료 부과. 자세한 내용은 연회비 안내 페이지 내 ‘유의사항’에서 확인,,,,,,,,,,,해외 이용 시 별도의 수수료 부과. 자세한 내용은 연회비 안내 페이지 내 ‘유의사항’에서 확인,2026-04-08 13:22
80,AAP1731,유의사항,온라인간편결제·해외 할인,유의사항,"삼성카드의 다른 결제일할인 혜택과 중복 적용되지 않으며, 할인 혜택이 큰 금액만 적용",,,,,,,,,,,"삼성카드의 다른 결제일할인 혜택과 중복 적용되지 않으며, 할인 혜택이 큰 금액만 적용",2026-04-08 13:22
81,AAP1731,유의사항,온라인간편결제·해외 할인,유의사항,"본인카드와 가족카드의 이용실적, 할인한도는 합산하여 산정",,,,,,,,,,,"본인카드와 가족카드의 이용실적, 할인한도는 합산하여 산정",2026-04-08 13:22
82,AAP1731,유의사항,온라인간편결제·해외 할인,유의사항,"할인 혜택 및 전월 이용금액 산정은 승인 시점 기준으로 적용.다만, 해외 결제건 및 무승인 결제건(예 : 대중교통, 이동통신 등 자동납부 결제건 등)은 매출전표 접수 시점 기준으로 적용",,,,,,,,,,,"할인 혜택 및 전월 이용금액 산정은 승인 시점 기준으로 적용.다만, 해외 결제건 및 무승인 결제건(예 : 대중교통, 이동통신 등 자동납부 결제건 등)은 매출전표 접수 시점 기준으로 적용",2026-04-08 13:22
83,AAP1731,유의사항,온라인간편결제·해외 할인,유의사항,"자체 가맹점번호로 승인 처리되는 일부 결제건(간편결제, 키오스크 등)은 할인 대상에서 제외",,,,,,,,,,,"자체 가맹점번호로 승인 처리되는 일부 결제건(간편결제, 키오스크 등)은 할인 대상에서 제외",2026-04-08 13:22
84,AAP1731,유의사항,온라인간편결제·해외 할인,유의사항,"전월 이용금액이란, 매월 1일부터 말일까지 이용한 일시불 및 할부 이용금액(단기카드대출(현금서비스), 장기카드대출(카드론), 각종 수수료 및 이자(할부수수료, 카드대출 이자 등), 연체료, 연회비 납부건은 일시불 및 할부 이용금액에 해당되지 않음)",,,,,,,,,,,"전월 이용금액이란, 매월 1일부터 말일까지 이용한 일시불 및 할부 이용금액(단기카드대출(현금서비스), 장기카드대출(카드론), 각종 수수료 및 이자(할부수수료, 카드대출 이자 등), 연체료, 연회비 납부건은 일시불 및 할부 이용금액에 해당되지 않음)",2026-04-08 13:22
85,AAP1731,유의사항,온라인간편결제·해외 할인,유의사항,"전월 이용금액 대상 산정 시, 온라인 간편결제·해외 3% 할인/교통·이동통신·스트리밍 10% 할인 혜택이 제공된 전체 이용금액, 건강보험/국민연금/고용보험/산재보험 및 장애인 고용부담금, 국세/지방세/공과금, 초·중·고등학교 학교납입금, 대학 등록금, 대중교통, 택시, 아파트 관리비, 부동산 임대료, 기프트/선불카드(포인트, 사이버머니 등 전자지급수단 포함) 구매 및 충전, 상품권 구매건은 제외",,,,,,,,,,,"전월 이용금액 대상 산정 시, 온라인 간편결제·해외 3% 할인/교통·이동통신·스트리밍 10% 할인 혜택이 제공된 전체 이용금액, 건강보험/국민연금/고용보험/산재보험 및 장애인 고용부담금, 국세/지방세/공과금, 초·중·고등학교 학교납입금, 대학 등록금, 대중교통, 택시, 아파트 관리비, 부동산 임대료, 기프트/선불카드(포인트, 사이버머니 등 전자지급수단 포함) 구매 및 충전, 상품권 구매건은 제외",2026-04-08 13:22
86,AAP1731,유의사항,온라인간편결제·해외 할인,유의사항,삼성카드 가맹점 업종 분류 기준에 의한 등록 가맹점에 한함,,,,,,,,,,,삼성카드 가맹점 업종 분류 기준에 의한 등록 가맹점에 한함,2026-04-08 13:22
87,AAP1731,유의사항,온라인간편결제·해외 할인,유의사항,"삼성카드는 아래 항목을 공과금으로 분류함 전기요금, 사회보험료(건강보험/국민연금/고용보험/산재보험), 우편요금, 도시가스요금, 여권 발급비용, 상하수도요금, 과태료, 범칙금, 벌금, 국가·공공기관·공공단체(지방자치단체, 공공조합, 영조물, 공재단)에서 개설한 가맹점 이용금액",,,,,,,,,,,"삼성카드는 아래 항목을 공과금으로 분류함 전기요금, 사회보험료(건강보험/국민연금/고용보험/산재보험), 우편요금, 도시가스요금, 여권 발급비용, 상하수도요금, 과태료, 범칙금, 벌금, 국가·공공기관·공공단체(지방자치단체, 공공조합, 영조물, 공재단)에서 개설한 가맹점 이용금액",2026-04-08 13:22
88,AAP1731,유의사항,온라인간편결제·해외 할인,유의사항,"결제 취소건의 경우, 매출취소전표 접수월의 이용금액에서 차감 반영 포인트가 적립된 결제건이 취소될 경우, 해당 포인트는 보유 포인트에서 자동 차감되며, 포인트 부족 시 카드 결제계좌에서 자동 출금",,,,,,,,,,,"결제 취소건의 경우, 매출취소전표 접수월의 이용금액에서 차감 반영 포인트가 적립된 결제건이 취소될 경우, 해당 포인트는 보유 포인트에서 자동 차감되며, 포인트 부족 시 카드 결제계좌에서 자동 출금",2026-04-08 13:22
89,AAP1731,유의사항,연회비,본인_해외겸용 총 연회비,본인 해외겸용 총 연회비: 20000원,,,,,,,,,,,본인 해외겸용 총 연회비: 20000원,2026-04-08 13:22
90,AAP1731,유의사항,연회비,본인_국내전용 총 연회비,본인 국내전용 총 연회비: 20000원,,,,,,,,,,,본인 국내전용 총 연회비: 20000원,2026-04-08 13:22
91,AAP1731,유의사항,연회비,본인_해외겸용 기본 연회비,본인 해외겸용 기본 연회비: 7000원,,,,,,,,,,,본인 해외겸용 기본 연회비: 7000원,2026-04-08 13:22
92,AAP1731,유의사항,연회비,본인_국내전용 기본 연회비,본인 국내전용 기본 연회비: 7000원,,,,,,,,,,,본인 국내전용 기본 연회비: 7000원,2026-04-08 13:22
93,AAP1731,유의사항,연회비,본인_해외겸용 제휴 연회비,본인 해외겸용 제휴 연회비: 13000원,,,,,,,,,,,본인 해외겸용 제휴 연회비: 13000원,2026-04-08 13:22
94,AAP1731,유의사항,연회비,본인_국내전용 제휴 연회비,본인 국내전용 제휴 연회비: 13000원,,,,,,,,,,,본인 국내전용 제휴 연회비: 13000원,2026-04-08 13:22
95,AAP1731,유의사항,연회비,가족_해외겸용 총 연회비,가족 해외겸용 총 연회비: 13000원,,,,,,,,,,,가족 해외겸용 총 연회비: 13000원,2026-04-08 13:22
96,AAP1731,유의사항,연회비,가족_국내전용 총 연회비,가족 국내전용 총 연회비: 13000원,,,,,,,,,,,가족 국내전용 총 연회비: 13000원,2026-04-08 13:22
97,AAP1731,유의사항,연회비,가족_해외겸용 제휴 연회비,가족 해외겸용 제휴 연회비: 13000원,,,,,,,,,,,가족 해외겸용 제휴 연회비: 13000원,2026-04-08 13:22
98,AAP1731,유의사항,연회비,가족_국내전용 제휴 연회비,가족 국내전용 제휴 연회비: 13000원,,,,,,,,,,,가족 국내전용 제휴 연회비: 13000원,2026-04-08 13:22
99,AAP1731,유의사항,연회비,연회비 유의사항,연회비는 카드 발급일(발급 첫 해에는 카드 사용등록일)을 기준으로 매년 청구됩니다.,,,,,,,,,,,연회비는 카드 발급일(발급 첫 해에는 카드 사용등록일)을 기준으로 매년 청구됩니다.,2026-04-08 13:22
100,AAP1731,유의사항,연회비,연회비 유의사항,카드 발급일(발급 첫 해에는 카드 사용등록일)에 연회비가 청구되지 않은 경우 최초 이용일자 기준으로 해당 결제일에 청구됩니다.,,,,,,,,,,,카드 발급일(발급 첫 해에는 카드 사용등록일)에 연회비가 청구되지 않은 경우 최초 이용일자 기준으로 해당 결제일에 청구됩니다.,2026-04-08 13:22
101,AAP1731,유의사항,연회비,연회비 유의사항,매년 카드 발급일을 기준으로 직전 1년 이내 실적이 없는 경우 연회비가 청구되지 않습니다.,,,,,,,,,,,매년 카드 발급일을 기준으로 직전 1년 이내 실적이 없는 경우 연회비가 청구되지 않습니다.,2026-04-08 13:22
102,AAP1731,유의사항,연회비,연회비 유의사항,"재발급, 갱신 시에는 이전 카드의 카드 발급일을 기준으로 연회비가 청구됩니다.",,,,,,,,,,,"재발급, 갱신 시에는 이전 카드의 카드 발급일을 기준으로 연회비가 청구됩니다.",2026-04-08 13:22
103,AAP1731,유의사항,연회비,연회비 유의사항,연회비는 기본 연회비와 제휴 연회비로 구분됩니다.,,,,,,,,,,,연회비는 기본 연회비와 제휴 연회비로 구분됩니다.,2026-04-08 13:22
104,AAP1731,유의사항,연회비,연회비 유의사항,해당 카드 연회비(기본 연회비 + 제휴 연회비)는 카드별로 청구됩니다.,,,,,,,,,,,해당 카드 연회비(기본 연회비 + 제휴 연회비)는 카드별로 청구됩니다.,2026-04-08 13:22
105,AAP1731,유의사항,연회비,연회비 유의사항,"카드 중도 해지 시, 연회비 반환 금액은 회원이 카드사와 계약을 해지한 날부터 일 단위로 나누어 계산(카드 이용이 가능하게 된 날을 기준으로 계산)하여 반환됨. 카드의 발행, 배송 등 카드 발급에 소요된 비용(신규 가입연도에 해당)은 반환 금액에서 제외되며, 제휴 연회비가 있는 경우에는 카드 이용 시 제공되는 추가적인 혜택 등 부가 서비스 제공에 소요된 비용이 추가적으로 반환 금액에서 제외됩니다.",,,,,,,,,,,"카드 중도 해지 시, 연회비 반환 금액은 회원이 카드사와 계약을 해지한 날부터 일 단위로 나누어 계산(카드 이용이 가능하게 된 날을 기준으로 계산)하여 반환됨. 카드의 발행, 배송 등 카드 발급에 소요된 비용(신규 가입연도에 해당)은 반환 금액에서 제외되며, 제휴 연회비가 있는 경우에는 카드 이용 시 제공되는 추가적인 혜택 등 부가 서비스 제공에 소요된 비용이 추가적으로 반환 금액에서 제외됩니다.",2026-04-08 13:22
106,AAP1731,유의사항,연회비,연회비 유의사항,연회비 반환 금액은 계약을 해지한 날로부터 10영업일 이내에 반환됨. 부가 서비스 제공 내역 확인에 시간이 소요되는 등 불가피한 사유가 있을 때에는 계약을 해지한 날로부터 3개월 이내에 반환됩니다.,,,,,,,,,,,연회비 반환 금액은 계약을 해지한 날로부터 10영업일 이내에 반환됨. 부가 서비스 제공 내역 확인에 시간이 소요되는 등 불가피한 사유가 있을 때에는 계약을 해지한 날로부터 3개월 이내에 반환됩니다.,2026-04-08 13:22
107,AAP1731,유의사항,연회비,연회비 유의사항,"해외에서 카드 결제 시, 현지 통화가 아닌 원화로 결제하는 경우 해외원화결제서비스(DCC) 수수료가 추가로 발생할 수 있으므로 유의하시기 바랍니다.",,,,,,,,,,,"해외에서 카드 결제 시, 현지 통화가 아닌 원화로 결제하는 경우 해외원화결제서비스(DCC) 수수료가 추가로 발생할 수 있으므로 유의하시기 바랍니다.",2026-04-08 13:22
108,AAP1731,유의사항,연회비,연회비 유의사항,해외원화결제서비스(DCC) 차단방법 : 홈페이지(PC) 또는 앱 → 전체메뉴 → 고객센터 → 해외 이용 → 해외 이용 잠금 서비스,,,,,,,,,,,해외원화결제서비스(DCC) 차단방법 : 홈페이지(PC) 또는 앱 → 전체메뉴 → 고객센터 → 해외 이용 → 해외 이용 잠금 서비스,2026-04-08 13:22
109,AAP1731,유의사항,연회비,연회비 유의사항,"해외 이용 시(해외 사이트 거래 포함) 미화(USD) 기준 거래미화금액에 접수일의 우리은행 최초 고시 전신환매도율을 적용한 후, 국제브랜드사가 부과하는 브랜드사수수료(Mastercard 1%)와 삼성카드가 부과하는 해외이용수수료(0.2%)를 합산하여 원화로 청구됩니다.",,,,,,,,,,,"해외 이용 시(해외 사이트 거래 포함) 미화(USD) 기준 거래미화금액에 접수일의 우리은행 최초 고시 전신환매도율을 적용한 후, 국제브랜드사가 부과하는 브랜드사수수료(Mastercard 1%)와 삼성카드가 부과하는 해외이용수수료(0.2%)를 합산하여 원화로 청구됩니다.",2026-04-08 13:22
110,AAP1731,유의사항,연회비,연회비 유의사항,브랜드사수수료의 경우 국제브랜드사 정책에 따라 변경될 수 있습니다.,,,,,,,,,,,브랜드사수수료의 경우 국제브랜드사 정책에 따라 변경될 수 있습니다.,2026-04-08 13:22
111,AAP1731,유의사항,연회비,연회비 유의사항,해외 이용 시 청구금액 산출방법은 아래와 같습니다.,,,,,,,,,,,해외 이용 시 청구금액 산출방법은 아래와 같습니다.,2026-04-08 13:22
112,AAP1731,유의사항,연회비,연회비 유의사항,해외 이용 시 청구금액 = (거래미화금액 × 전신환매도율①) + 브랜드사수수료② + 해외이용수수료③,,,,,,,,,,,해외 이용 시 청구금액 = (거래미화금액 × 전신환매도율①) + 브랜드사수수료② + 해외이용수수료③,2026-04-08 13:22
113,AAP1731,유의사항,연회비,연회비 유의사항,① 전신환매도율 : 접수일의 우리은행 최초 고시 전신환매도율,,,,,,,,,,,① 전신환매도율 : 접수일의 우리은행 최초 고시 전신환매도율,2026-04-08 13:22
114,AAP1731,유의사항,연회비,연회비 유의사항,② 브랜드사수수료 = [거래미화금액 × 국제브랜드 이용 수수료율 1%] × 전신환매도율,,,,,,,,,,,② 브랜드사수수료 = [거래미화금액 × 국제브랜드 이용 수수료율 1%] × 전신환매도율,2026-04-08 13:22
115,AAP1731,유의사항,연회비,연회비 유의사항,③ 해외이용수수료 = (거래미화금액 × 해외서비스 수수료율 0.2%) × 전신환매도율,,,,,,,,,,,③ 해외이용수수료 = (거래미화금액 × 해외서비스 수수료율 0.2%) × 전신환매도율,2026-04-08 13:22
1,ABP1689,혜택,KSP,KSP,정부지원 국가바우처,,Both,국내,서비스,,,,,,,정부지원 국가바우처,2026-04-08 13:22
2,ABP1689,혜택,KSP,KSP,쇼핑 2% 캐시백,,Both,국내,서비스,,,,,,,쇼핑 2% 캐시백,2026-04-08 13:22
3,ABP1689,혜택,KSP,KSP,신세계백화점 제휴 서비스,,Both,국내,서비스,,,,,,,신세계백화점 제휴 서비스,2026-04-08 13:22
4,ABP1689,혜택,바우처 서비스,서비스안내,"임신, 출산, 육아 등 국가가 지원하는 바우처를 해당 카드로 이용 가능",교육/육아,Both,국내,서비스,,,,,,,"임신, 출산, 육아 등 국가가 지원하는 바우처를 해당 카드로 이용 가능",2026-04-08 13:22
5,ABP1689,혜택,바우처 서비스,카드이용TIP,지원대상 : 건강보험 가입자 또는 피부양자인 임산부,생활비_보험,Online,국내,서비스,,,,,,,지원대상 : 건강보험 가입자 또는 피부양자인 임산부,2026-04-08 13:22
6,ABP1689,혜택,바우처 서비스,카드이용TIP,지원금액 : 임신 1회당 100만원(다태아 임산부 140만원),생활비_보험,Online,국내,서비스,,,,,,,지원금액 : 임신 1회당 100만원(다태아 임산부 140만원),2026-04-08 13:22
7,ABP1689,혜택,바우처 서비스,카드이용TIP,지원기간 : 카드 수령일~분만 예정일 이후 2년,생활비_보험,Online,국내,서비스,,,,,,,지원기간 : 카드 수령일~분만 예정일 이후 2년,2026-04-08 13:22
8,ABP1689,혜택,바우처 서비스,카드이용TIP,이용방법 : 전국 요양기관에서 결제 시 이용 의사 표시,생활비_보험,Online,국내,서비스,,,,,,,이용방법 : 전국 요양기관에서 결제 시 이용 의사 표시,2026-04-08 13:22
9,ABP1689,혜택,바우처 서비스,카드이용TIP,"신청방법 ① 삼성카드 홈페이지·앱(평일 09:00~20:00) ② 국민행복 삼성카드 전용 상담센터 1566-3336(평일 09:00~18:00) ③ 방문 신청 : 신세계백화점 고객센터, 삼성카드 영업점, 국민건강보험공단 지사, MG새마을금고",백화점/아울렛/면세점,Offline,국내,서비스,,,,,,,"신청방법 ① 삼성카드 홈페이지·앱(평일 09:00~20:00) ② 국민행복 삼성카드 전용 상담센터 1566-3336(평일 09:00~18:00) ③ 방문 신청 : 신세계백화점 고객센터, 삼성카드 영업점, 국민건강보험공단 지사, MG새마을금고",2026-04-08 13:22
10,ABP1689,혜택,바우처 서비스,카드이용TIP,지원대상 : 만 19세 이하 청소년 임산부,,Both,국내,서비스,,,,,,,지원대상 : 만 19세 이하 청소년 임산부,2026-04-08 13:22
11,ABP1689,혜택,바우처 서비스,카드이용TIP,지원금액 : 임신 1회당 120만원 이내,,Both,국내,서비스,,,,,,,지원금액 : 임신 1회당 120만원 이내,2026-04-08 13:22
12,ABP1689,혜택,바우처 서비스,카드이용TIP,지원기간 : 카드 수령일~분만 예정일 이후 2년,,Both,국내,서비스,,,,,,,지원기간 : 카드 수령일~분만 예정일 이후 2년,2026-04-08 13:22
13,ABP1689,혜택,바우처 서비스,카드이용TIP,이용방법 : 전국 요양기관에서 결제 시 이용 의사 표시,,Both,국내,서비스,,,,,,,이용방법 : 전국 요양기관에서 결제 시 이용 의사 표시,2026-04-08 13:22
14,ABP1689,혜택,바우처 서비스,카드이용TIP,지원대상 : 2022.1.1 이후 출생아로 출생 신고되어 주민등록번호를 부여받은 아동,,Both,국내,서비스,,,,,,,지원대상 : 2022.1.1 이후 출생아로 출생 신고되어 주민등록번호를 부여받은 아동,2026-04-08 13:22
15,ABP1689,혜택,바우처 서비스,카드이용TIP,지원금액 : 아동 1인당 200만원(2024.1.1 이후 출생한 둘째아 이상은 300만원),,Both,국내,서비스,,,,,,,지원금액 : 아동 1인당 200만원(2024.1.1 이후 출생한 둘째아 이상은 300만원),2026-04-08 13:22
16,ABP1689,혜택,바우처 서비스,카드이용TIP,지원기간 : 아동 출생일(주민등록번호 기준)~2년,,Both,국내,서비스,,,,,,,지원기간 : 아동 출생일(주민등록번호 기준)~2년,2026-04-08 13:22
17,ABP1689,혜택,바우처 서비스,카드이용TIP,"지원범위 : 모든 업종에서 이용 가능(단, 아이돌봄서비스 이용건, 면세점, 호텔, 항공, 철도, 유흥 및 사행 업종, 이미용실을 제외한 위생 업종, 레저 업종, 성인용품 등 기타 업종 이용건 등은 제외되며, 호텔, 항공, 철도의 경우 일부 온라인 결제건은 이용 가능)",백화점/아울렛/면세점,Offline,국내,서비스,,,,,,,"지원범위 : 모든 업종에서 이용 가능(단, 아이돌봄서비스 이용건, 면세점, 호텔, 항공, 철도, 유흥 및 사행 업종, 이미용실을 제외한 위생 업종, 레저 업종, 성인용품 등 기타 업종 이용건 등은 제외되며, 호텔, 항공, 철도의 경우 일부 온라인 결제건은 이용 가능)",2026-04-08 13:22
18,ABP1689,혜택,바우처 서비스,카드이용TIP,"이용방법 : 첫만남 이용권 바우처가 제공되는 국민행복 삼성카드로, 바우처 결제가 가능한 유통점에서 구매(포인트 적용 결제 건, 할부, 정기결제, 무승인 결제 등은 이용이 불가하며, 삼성카드에서 진행하는 프로모션과 중복 적용되지 않을 수 있음)",생활비_렌탈/자동납부,Online,국내,서비스,,,,,,,"이용방법 : 첫만남 이용권 바우처가 제공되는 국민행복 삼성카드로, 바우처 결제가 가능한 유통점에서 구매(포인트 적용 결제 건, 할부, 정기결제, 무승인 결제 등은 이용이 불가하며, 삼성카드에서 진행하는 프로모션과 중복 적용되지 않을 수 있음)",2026-04-08 13:22
19,ABP1689,혜택,바우처 서비스,카드이용TIP,"신청방법 : 아동의 주민등록 주소지 관할 읍·면·동 행정복지센터, 복지로(www.bokjiro.go.kr) 또는 정부24(www.gov.kr) 홈페이지, 우편 또는 팩스",,Both,국내,서비스,,,,,,,"신청방법 : 아동의 주민등록 주소지 관할 읍·면·동 행정복지센터, 복지로(www.bokjiro.go.kr) 또는 정부24(www.gov.kr) 홈페이지, 우편 또는 팩스",2026-04-08 13:22
20,ABP1689,혜택,바우처 서비스,카드이용TIP,지원대상 : 만 0세~5세 어린이집 등원 자녀를 둔 부모,,Both,국내,서비스,,,,,,,지원대상 : 만 0세~5세 어린이집 등원 자녀를 둔 부모,2026-04-08 13:22
21,ABP1689,혜택,바우처 서비스,카드이용TIP,지원금액 : 지원 대상별로 다름,,Both,국내,서비스,,,,,,,지원금액 : 지원 대상별로 다름,2026-04-08 13:22
22,ABP1689,혜택,바우처 서비스,카드이용TIP,지원기간 : 어린이집 등원 시점까지,,Both,국내,서비스,,,,,,,지원기간 : 어린이집 등원 시점까지,2026-04-08 13:22
23,ABP1689,혜택,바우처 서비스,카드이용TIP,"이용방법 : 국민행복 삼성카드로 어린이집 보육료 결제(아이사랑 홈페이지·앱, ARS, 방문)",,Both,국내,서비스,,,,,,,"이용방법 : 국민행복 삼성카드로 어린이집 보육료 결제(아이사랑 홈페이지·앱, ARS, 방문)",2026-04-08 13:22
24,ABP1689,혜택,바우처 서비스,카드이용TIP,"신청방법 : 아동 주민등록 주소지 행정복지센터, 복지로 홈페이지",,Both,국내,서비스,,,,,,,"신청방법 : 아동 주민등록 주소지 행정복지센터, 복지로 홈페이지",2026-04-08 13:22
25,ABP1689,혜택,바우처 서비스,카드이용TIP,"지원대상 : 출산(예정)일 40일 전부터 출산 후 30일 이내, 기준 중위 소득 150% 이하인 임산부",,Both,국내,서비스,,,,,,,"지원대상 : 출산(예정)일 40일 전부터 출산 후 30일 이내, 기준 중위 소득 150% 이하인 임산부",2026-04-08 13:22
26,ABP1689,혜택,바우처 서비스,카드이용TIP,지원금액 : 지원 대상별로 다름,,Both,국내,서비스,,,,,,,지원금액 : 지원 대상별로 다름,2026-04-08 13:22
27,ABP1689,혜택,바우처 서비스,카드이용TIP,신청방법 : 산모 주민등록 주소지 관할 시·군·구 보건소,,Both,국내,서비스,,,,,,,신청방법 : 산모 주민등록 주소지 관할 시·군·구 보건소,2026-04-08 13:22
28,ABP1689,혜택,바우처 서비스,카드이용TIP,지원대상 : 만 3세~5세 유치원 등원 자녀를 둔 부모,,Both,국내,서비스,,,,,,,지원대상 : 만 3세~5세 유치원 등원 자녀를 둔 부모,2026-04-08 13:22
29,ABP1689,혜택,바우처 서비스,카드이용TIP,지원금액 : 지원 대상별로 다름,,Both,국내,서비스,,,,,,,지원금액 : 지원 대상별로 다름,2026-04-08 13:22
30,ABP1689,혜택,바우처 서비스,카드이용TIP,지원기간 : 유치원 등원 시점까지,,Both,국내,서비스,,,,,,,지원기간 : 유치원 등원 시점까지,2026-04-08 13:22
31,ABP1689,혜택,바우처 서비스,카드이용TIP,"이용방법 : 국민행복 삼성카드로 유치원 유아학비 카드인증(유아학비지원시스템, ARS, 방문, 위임)",,Both,국내,서비스,,,,,,,"이용방법 : 국민행복 삼성카드로 유치원 유아학비 카드인증(유아학비지원시스템, ARS, 방문, 위임)",2026-04-08 13:22
32,ABP1689,혜택,바우처 서비스,카드이용TIP,"신청방법 : 아동 주민등록 주소지 관할 행정복지센터, 복지로 홈페이지",,Both,국내,서비스,,,,,,,"신청방법 : 아동 주민등록 주소지 관할 행정복지센터, 복지로 홈페이지",2026-04-08 13:22
33,ABP1689,혜택,바우처 서비스,카드이용TIP,지원대상 : 만 12세 이하 아동에 대한 돌봄이 필요한 가정,,Both,국내,서비스,,,,,,,지원대상 : 만 12세 이하 아동에 대한 돌봄이 필요한 가정,2026-04-08 13:22
34,ABP1689,혜택,바우처 서비스,카드이용TIP,지원금액 : 지원 대상별로 다름,,Both,국내,서비스,,,,,,,지원금액 : 지원 대상별로 다름,2026-04-08 13:22
35,ABP1689,혜택,바우처 서비스,카드이용TIP,"신청방법 : 전국 읍·면·동 행정복지센터, 아이돌봄서비스 홈페이지",,Both,국내,서비스,,,,,,,"신청방법 : 전국 읍·면·동 행정복지센터, 아이돌봄서비스 홈페이지",2026-04-08 13:22
36,ABP1689,혜택,바우처 서비스,카드이용TIP,지원대상 : 만 2세 미만 영아(0~24개월) 부모,,Both,국내,서비스,,,,,,,지원대상 : 만 2세 미만 영아(0~24개월) 부모,2026-04-08 13:22
37,ABP1689,혜택,바우처 서비스,카드이용TIP,"지원금액 : 기저귀 월 90,000원, 조제분유 월 110,000원",,Both,국내,서비스,,,,,,,"지원금액 : 기저귀 월 90,000원, 조제분유 월 110,000원",2026-04-08 13:22
38,ABP1689,혜택,바우처 서비스,카드이용TIP,지원기간 : 카드 수령일~24개월,,Both,국내,서비스,,,,,,,지원기간 : 카드 수령일~24개월,2026-04-08 13:22
39,ABP1689,혜택,바우처 서비스,카드이용TIP,"이용방법 : 기저귀·조제분유 바우처가 제공되는 국민행복 삼성카드로, 바우처 결제 가능한 유통점에서 구매",,Both,국내,서비스,,,,,,,"이용방법 : 기저귀·조제분유 바우처가 제공되는 국민행복 삼성카드로, 바우처 결제 가능한 유통점에서 구매",2026-04-08 13:22
40,ABP1689,혜택,바우처 서비스,카드이용TIP,신청방법 : 영아 주민등록 주소지 관할 시·군·구 보건소,,Both,국내,서비스,,,,,,,신청방법 : 영아 주민등록 주소지 관할 시·군·구 보건소,2026-04-08 13:22
41,ABP1689,혜택,바우처 서비스,카드이용TIP,지원대상 : 일정 소득 이하 가구의 만 9~24세 여성청소년,,Both,국내,서비스,,,,,,,지원대상 : 일정 소득 이하 가구의 만 9~24세 여성청소년,2026-04-08 13:22
42,ABP1689,혜택,바우처 서비스,카드이용TIP,"지원금액 : 월 13,000원",,Both,국내,서비스,,,,,,,"지원금액 : 월 13,000원",2026-04-08 13:22
43,ABP1689,혜택,바우처 서비스,카드이용TIP,지원기간 : 최대 192개월(16년)(지원 대상별로 다름),,Both,국내,서비스,,,,,,,지원기간 : 최대 192개월(16년)(지원 대상별로 다름),2026-04-08 13:22
44,ABP1689,혜택,바우처 서비스,카드이용TIP,"이용방법 : 여성청소년 위생용품 지원 바우처가 제공되는 국민행복 삼성카드로, 바우처 결제 가능한 유통점에서 구매",,Both,국내,서비스,,,,,,,"이용방법 : 여성청소년 위생용품 지원 바우처가 제공되는 국민행복 삼성카드로, 바우처 결제 가능한 유통점에서 구매",2026-04-08 13:22
45,ABP1689,혜택,바우처 서비스,카드이용TIP,"신청방법 : 청소년 주민등록 주소지 읍·면·동 행정복지센터, 복지로 홈페이지",,Both,국내,서비스,,,,,,,"신청방법 : 청소년 주민등록 주소지 읍·면·동 행정복지센터, 복지로 홈페이지",2026-04-08 13:22
46,ABP1689,혜택,바우처 서비스,카드이용TIP,지원대상 : 하·동절기 에너지 취약계층 가구,,Both,국내,서비스,,,,,,,지원대상 : 하·동절기 에너지 취약계층 가구,2026-04-08 13:22
47,ABP1689,혜택,바우처 서비스,카드이용TIP,"지원내용 : 냉·난방용 에너지원(전기, 도시가스, 등유, LPG, 연탄 등) 구입",,Both,국내,서비스,,,,,,,"지원내용 : 냉·난방용 에너지원(전기, 도시가스, 등유, LPG, 연탄 등) 구입",2026-04-08 13:22
48,ABP1689,혜택,바우처 서비스,카드이용TIP,신청방법 : 전국 읍·면·동 행정복지센터,,Both,국내,서비스,,,,,,,신청방법 : 전국 읍·면·동 행정복지센터,2026-04-08 13:22
49,ABP1689,유의사항,바우처 서비스,유의사항,바우처 이용 시점에 정상 카드 보유 시 혜택 제공,,,,,,,,,,,바우처 이용 시점에 정상 카드 보유 시 혜택 제공,2026-04-08 13:22
50,ABP1689,유의사항,바우처 서비스,유의사항,국가바우처는 정부 정책에 따라 변경될 수 있음,,,,,,,,,,,국가바우처는 정부 정책에 따라 변경될 수 있음,2026-04-08 13:22
51,ABP1689,유의사항,바우처 서비스,유의사항,국가바우처 관련 자세한 내용은 주관 기관 및 삼성카드 홈페이지를 통해 확인 국가바우처 바로가기,,,,,,,,,,,국가바우처 관련 자세한 내용은 주관 기관 및 삼성카드 홈페이지를 통해 확인 국가바우처 바로가기,2026-04-08 13:22
52,ABP1689,혜택,쇼핑 캐시백,서비스안내,백화점·프리미엄 아울렛·할인점·온라인쇼핑몰·생활잡화·신선식품 배송 2% 캐시백,온라인쇼핑,Online,국내,캐시백,2,%,,"국가바우처 이용건(보육료·유아학비 본인 부담금은 캐시백 적용), 기프트/선불카드(포인트, 사이버머니 등 전자지급수단 포함) 구매 및 충전, 상품권 구매건",300000,,백화점·프리미엄 아울렛·할인점·온라인쇼핑몰·생활잡화·신선식품 배송 2% 캐시백,2026-04-08 13:22
53,ABP1689,혜택,쇼핑 캐시백,대상점,백화점 2% 캐시백,백화점/아울렛/면세점,Offline,국내,캐시백,2,%,"신세계/롯데/현대/갤러리아/동아/대구백화점, AK플라자, NC 대전 유성점","국가바우처 이용건(보육료·유아학비 본인 부담금은 캐시백 적용), 기프트/선불카드(포인트, 사이버머니 등 전자지급수단 포함) 구매 및 충전, 상품권 구매건",300000,,"백화점: 신세계/롯데/현대/갤러리아/동아/대구백화점, AK플라자, NC 대전 유성점",2026-04-08 13:22
54,ABP1689,혜택,쇼핑 캐시백,대상점,프리미엄 아울렛 2% 캐시백,백화점/아울렛/면세점,Offline,국내,캐시백,2,%,"신세계사이먼 프리미엄 아울렛, 현대프리미엄아울렛","국가바우처 이용건(보육료·유아학비 본인 부담금은 캐시백 적용), 기프트/선불카드(포인트, 사이버머니 등 전자지급수단 포함) 구매 및 충전, 상품권 구매건",300000,,"프리미엄 아울렛: 신세계사이먼 프리미엄 아울렛, 현대프리미엄아울렛",2026-04-08 13:22
55,ABP1689,혜택,쇼핑 캐시백,대상점,할인점 2% 캐시백,슈퍼마켓/생활잡화,Both,국내,캐시백,2,%,"이마트, 트레이더스, 롯데마트, 홈플러스","국가바우처 이용건(보육료·유아학비 본인 부담금은 캐시백 적용), 기프트/선불카드(포인트, 사이버머니 등 전자지급수단 포함) 구매 및 충전, 상품권 구매건",300000,,"할인점: 이마트, 트레이더스, 롯데마트, 홈플러스",2026-04-08 13:22
56,ABP1689,혜택,쇼핑 캐시백,대상점,온라인 쇼핑몰 2% 캐시백,온라인쇼핑,Online,국내,캐시백,2,%,"삼성카드 쇼핑, G마켓, 옥션, 11번가, 인터파크, 쿠팡, 티몬, 위메프, SSG.COM, 롯데ON","국가바우처 이용건(보육료·유아학비 본인 부담금은 캐시백 적용), 기프트/선불카드(포인트, 사이버머니 등 전자지급수단 포함) 구매 및 충전, 상품권 구매건",300000,,"온라인 쇼핑몰: 삼성카드 쇼핑, G마켓, 옥션, 11번가, 인터파크, 쿠팡, 티몬, 위메프, SSG.COM, 롯데ON",2026-04-08 13:22
57,ABP1689,혜택,쇼핑 캐시백,대상점,생활잡화 2% 캐시백,슈퍼마켓/생활잡화,Both,국내,캐시백,2,%,다이소,"국가바우처 이용건(보육료·유아학비 본인 부담금은 캐시백 적용), 기프트/선불카드(포인트, 사이버머니 등 전자지급수단 포함) 구매 및 충전, 상품권 구매건",300000,,생활잡화: 다이소,2026-04-08 13:22
58,ABP1689,혜택,쇼핑 캐시백,대상점,신선식품 배송 2% 캐시백,,Both,국내,캐시백,2,%,"마켓컬리, 오아시스마켓","국가바우처 이용건(보육료·유아학비 본인 부담금은 캐시백 적용), 기프트/선불카드(포인트, 사이버머니 등 전자지급수단 포함) 구매 및 충전, 상품권 구매건",300000,,"신선식품 배송: 마켓컬리, 오아시스마켓",2026-04-08 13:22
59,ABP1689,할인기준,쇼핑 캐시백,이용조건,30만원 이상 구간1: 60만원 이상,,,,,60,원,,,,,30만원 이상 구간1: 60만원 이상,2026-04-08 13:22
60,ABP1689,할인기준,쇼핑 캐시백,이용조건,30만원 이상 구간2: 100만원 이상,,,,,100,원,,,,,30만원 이상 구간2: 100만원 이상,2026-04-08 13:22
61,ABP1689,할인기준,쇼핑 캐시백,이용조건,"2,000원 구간1: 4,000원",,,,,4000,원,,,,,"2,000원 구간1: 4,000원",2026-04-08 13:22
62,ABP1689,할인기준,쇼핑 캐시백,이용조건,"2,000원 구간2: 6,000원",,,,,6000,원,,,,,"2,000원 구간2: 6,000원",2026-04-08 13:22
63,ABP1689,할인기준,쇼핑 캐시백,이용조건,전월 이용금액 30만원 이상 시 제공,,,,,,,,,300000,,전월 이용금액 30만원 이상 시 제공,2026-04-08 13:22
64,ABP1689,할인기준,쇼핑 캐시백,이용조건,발급월+1개월까지는 전월 이용금액 30만원 미만 시에도 30만원 이상~60만원 미만 실적구간 혜택 제공(전월 이용금액 60만원 이상 시에는 해당 실적구간 혜택 제공),,,,,,,,,300000,,발급월+1개월까지는 전월 이용금액 30만원 미만 시에도 30만원 이상~60만원 미만 실적구간 혜택 제공(전월 이용금액 60만원 이상 시에는 해당 실적구간 혜택 제공),2026-04-08 13:22
65,ABP1689,할인기준,쇼핑 캐시백,이용조건,탈회 후 카드를 재발급받은 경우 전월 이용실적(일시불 및 할부 합산 30만원 이상) 충족 시 제공,,,,,,,,,300000,,탈회 후 카드를 재발급받은 경우 전월 이용실적(일시불 및 할부 합산 30만원 이상) 충족 시 제공,2026-04-08 13:22
66,ABP1689,유의사항,쇼핑 캐시백,유의사항,"백화점·프리미엄 아울렛은 오프라인 일반 결제건에 한하며, 쇼핑 외 결제건(상품권, 주차장 등), 임대매장은 제외",,,,,,,,,,,"백화점·프리미엄 아울렛은 오프라인 일반 결제건에 한하며, 쇼핑 외 결제건(상품권, 주차장 등), 임대매장은 제외",2026-04-08 13:22
67,ABP1689,유의사항,쇼핑 캐시백,유의사항,"할인점은 온라인몰도 포함되며, 기업형 슈퍼마켓(이마트 에브리데이, 롯데슈퍼, 홈플러스 익스프레스 등), 쇼핑 외 결제건(상품권, 주차장 등), 임대매장은 제외",,,,,,,,,,,"할인점은 온라인몰도 포함되며, 기업형 슈퍼마켓(이마트 에브리데이, 롯데슈퍼, 홈플러스 익스프레스 등), 쇼핑 외 결제건(상품권, 주차장 등), 임대매장은 제외",2026-04-08 13:22
68,ABP1689,유의사항,쇼핑 캐시백,유의사항,"생활잡화는 오프라인 일반 결제건에 한하며, 임대매장은 제외",,,,,,,,,,,"생활잡화는 오프라인 일반 결제건에 한하며, 임대매장은 제외",2026-04-08 13:22
69,ABP1689,유의사항,쇼핑 캐시백,유의사항,신선식품 배송은 공식 홈페이지·앱을 통한 결제건에 한함,,,,,,,,,,,신선식품 배송은 공식 홈페이지·앱을 통한 결제건에 한함,2026-04-08 13:22
70,ABP1689,유의사항,쇼핑 캐시백,유의사항,삼성카드 가맹점 업종 분류 기준에 의한 등록 가맹점에 한함,,,,,,,,,,,삼성카드 가맹점 업종 분류 기준에 의한 등록 가맹점에 한함,2026-04-08 13:22
71,ABP1689,유의사항,쇼핑 캐시백,유의사항,"캐시백 혜택 및 전월 이용금액 산정은 승인 시점 기준으로 적용. 다만, 해외 결제건 및 무승인 결제건(예 : 대중교통, 이동통신 등 자동납부 결제건 등)의 경우 매출전표 접수 시점으로 적용",,,,,,,,,,,"캐시백 혜택 및 전월 이용금액 산정은 승인 시점 기준으로 적용. 다만, 해외 결제건 및 무승인 결제건(예 : 대중교통, 이동통신 등 자동납부 결제건 등)의 경우 매출전표 접수 시점으로 적용",2026-04-08 13:22
72,ABP1689,유의사항,쇼핑 캐시백,유의사항,캐시백금액은 매출전표 접수 다음 달 15일(영업일 기준)에 해당 체크카드 결제계좌로 입금,,,,,,,,,,,캐시백금액은 매출전표 접수 다음 달 15일(영업일 기준)에 해당 체크카드 결제계좌로 입금,2026-04-08 13:22
73,ABP1689,유의사항,쇼핑 캐시백,유의사항,"전월 이용금액이란, 매월 1일부터 말일까지 이용한 일시불 및 할부 이용금액(단기카드대출(현금서비스), 장기카드대출(카드론), 각종 수수료 및 이자(할부수수료, 카드대출 이자 등), 연체료, 연회비 납부건은 일시불 및 할부 이용금액에 해당되지 않음)",,,,,,,,,,,"전월 이용금액이란, 매월 1일부터 말일까지 이용한 일시불 및 할부 이용금액(단기카드대출(현금서비스), 장기카드대출(카드론), 각종 수수료 및 이자(할부수수료, 카드대출 이자 등), 연체료, 연회비 납부건은 일시불 및 할부 이용금액에 해당되지 않음)",2026-04-08 13:22
74,ABP1689,유의사항,쇼핑 캐시백,유의사항,"전월 이용금액 산정 시, 국가바우처 이용건, 어린이집·유치원 이용금액, 건강보험/국민연금/고용보험/산재보험 및 장애인 고용부담금, 국세/지방세/공과금, 초·중·고등학교 학교납입금, 대학 등록금, 대중교통, 택시, 아파트 관리비, 부동산 임대료, 기프트/선불카드(포인트, 사이버머니 등 전자지급수단 포함) 구매 및 충전, 상품권 구매건은 제외",,,,,,,,,,,"전월 이용금액 산정 시, 국가바우처 이용건, 어린이집·유치원 이용금액, 건강보험/국민연금/고용보험/산재보험 및 장애인 고용부담금, 국세/지방세/공과금, 초·중·고등학교 학교납입금, 대학 등록금, 대중교통, 택시, 아파트 관리비, 부동산 임대료, 기프트/선불카드(포인트, 사이버머니 등 전자지급수단 포함) 구매 및 충전, 상품권 구매건은 제외",2026-04-08 13:22
75,ABP1689,유의사항,쇼핑 캐시백,유의사항,삼성카드는 아래 항목을 공과금으로 분류함,,,,,,,,,,,삼성카드는 아래 항목을 공과금으로 분류함,2026-04-08 13:22
76,ABP1689,유의사항,쇼핑 캐시백,유의사항,"전기요금, 사회보험료(건강보험/국민연금/고용보험/산재보험), 우편요금, 도시가스요금, 여권 발급비용, 상하수도요금, 과태료, 범칙금, 벌금, 국가·공공기관·공공단체(지방자치단체, 공공조합, 영조물, 공재단)에서 개설한 가맹점 이용금액",,,,,,,,,,,"전기요금, 사회보험료(건강보험/국민연금/고용보험/산재보험), 우편요금, 도시가스요금, 여권 발급비용, 상하수도요금, 과태료, 범칙금, 벌금, 국가·공공기관·공공단체(지방자치단체, 공공조합, 영조물, 공재단)에서 개설한 가맹점 이용금액",2026-04-08 13:22
77,ABP1689,유의사항,쇼핑 캐시백,유의사항,"결제 취소건의 경우, 매출취소전표 접수월의 이용금액에서 차감 반영",,,,,,,,,,,"결제 취소건의 경우, 매출취소전표 접수월의 이용금액에서 차감 반영",2026-04-08 13:22
78,ABP1689,유의사항,쇼핑 캐시백,유의사항,"포인트가 적립된 결제건이 취소될 경우, 해당 포인트는 보유 포인트에서 자동 차감되며, 포인트 부족 시 카드 결제계좌에서 자동 출금",,,,,,,,,,,"포인트가 적립된 결제건이 취소될 경우, 해당 포인트는 보유 포인트에서 자동 차감되며, 포인트 부족 시 카드 결제계좌에서 자동 출금",2026-04-08 13:22
79,ABP1689,유의사항,쇼핑 캐시백,할인 제외 대상,"국가바우처 이용건(보육료·유아학비 본인 부담금은 캐시백 적용), 기프트/선불카드(포인트, 사이버머니 등 전자지급수단 포함) 구매 및 충전, 상품권 구매건",,,,,,,,,,,"국가바우처 이용건(보육료·유아학비 본인 부담금은 캐시백 적용), 기프트/선불카드(포인트, 사이버머니 등 전자지급수단 포함) 구매 및 충전, 상품권 구매건",2026-04-08 13:22
80,ABP1689,혜택,의료·교육 캐시백,서비스안내,의료·산후조리원·학원·학습지·온라인서점·어린이집·유치원 2% 캐시백,교육/육아,Both,국내,캐시백,2,%,,"국가바우처 이용건(보육료·유아학비 본인 부담금은 캐시백 적용), 기프트/선불카드(포인트, 사이버머니 등 전자지급수단 포함) 구매 및 충전, 상품권 구매건",300000,,의료·산후조리원·학원·학습지·온라인서점·어린이집·유치원 2% 캐시백,2026-04-08 13:22
81,ABP1689,혜택,의료·교육 캐시백,대상점,의료 2% 캐시백,의료,Both,국내,캐시백,2,%,"병·의원, 약국","국가바우처 이용건(보육료·유아학비 본인 부담금은 캐시백 적용), 기프트/선불카드(포인트, 사이버머니 등 전자지급수단 포함) 구매 및 충전, 상품권 구매건",300000,,"의료: 병·의원, 약국",2026-04-08 13:22
82,ABP1689,혜택,의료·교육 캐시백,대상점,산후조리원 2% 캐시백,,Both,국내,캐시백,2,%,산후조리원,"국가바우처 이용건(보육료·유아학비 본인 부담금은 캐시백 적용), 기프트/선불카드(포인트, 사이버머니 등 전자지급수단 포함) 구매 및 충전, 상품권 구매건",300000,,산후조리원: 산후조리원,2026-04-08 13:22
83,ABP1689,혜택,의료·교육 캐시백,대상점,학원 2% 캐시백,교육/육아,Both,국내,캐시백,2,%,입시/보습·외국어·예체능계 학원,"국가바우처 이용건(보육료·유아학비 본인 부담금은 캐시백 적용), 기프트/선불카드(포인트, 사이버머니 등 전자지급수단 포함) 구매 및 충전, 상품권 구매건",300000,,학원: 입시/보습·외국어·예체능계 학원,2026-04-08 13:22
84,ABP1689,혜택,의료·교육 캐시백,대상점,학습지 2% 캐시백,교육/육아,Both,국내,캐시백,2,%,"씽크빅, 교원, 대교, 한솔교육","국가바우처 이용건(보육료·유아학비 본인 부담금은 캐시백 적용), 기프트/선불카드(포인트, 사이버머니 등 전자지급수단 포함) 구매 및 충전, 상품권 구매건",300000,,"학습지: 씽크빅, 교원, 대교, 한솔교육",2026-04-08 13:22
85,ABP1689,혜택,의료·교육 캐시백,대상점,온라인서점 2% 캐시백,온라인쇼핑,Online,국내,캐시백,2,%,"YES24, 인터파크 도서, 알라딘, 교보문고","국가바우처 이용건(보육료·유아학비 본인 부담금은 캐시백 적용), 기프트/선불카드(포인트, 사이버머니 등 전자지급수단 포함) 구매 및 충전, 상품권 구매건",300000,,"온라인서점: YES24, 인터파크 도서, 알라딘, 교보문고",2026-04-08 13:22
86,ABP1689,혜택,의료·교육 캐시백,대상점,어린이집 2% 캐시백,,Both,국내,캐시백,2,%,국공립·사립 어린이집,"국가바우처 이용건(보육료·유아학비 본인 부담금은 캐시백 적용), 기프트/선불카드(포인트, 사이버머니 등 전자지급수단 포함) 구매 및 충전, 상품권 구매건",300000,,어린이집: 국공립·사립 어린이집,2026-04-08 13:22
87,ABP1689,혜택,의료·교육 캐시백,대상점,유치원 2% 캐시백,,Both,국내,캐시백,2,%,국공립·사립 유치원,"국가바우처 이용건(보육료·유아학비 본인 부담금은 캐시백 적용), 기프트/선불카드(포인트, 사이버머니 등 전자지급수단 포함) 구매 및 충전, 상품권 구매건",300000,,유치원: 국공립·사립 유치원,2026-04-08 13:22
88,ABP1689,할인기준,의료·교육 캐시백,이용조건,30만원 이상 구간1: 60만원 이상,,,,,60,원,,,,,30만원 이상 구간1: 60만원 이상,2026-04-08 13:22
89,ABP1689,할인기준,의료·교육 캐시백,이용조건,30만원 이상 구간2: 100만원 이상,,,,,100,원,,,,,30만원 이상 구간2: 100만원 이상,2026-04-08 13:22
90,ABP1689,할인기준,의료·교육 캐시백,이용조건,"2,000원 구간1: 4,000원",,,,,4000,원,,,,,"2,000원 구간1: 4,000원",2026-04-08 13:22
91,ABP1689,할인기준,의료·교육 캐시백,이용조건,"2,000원 구간2: 6,000원",,,,,6000,원,,,,,"2,000원 구간2: 6,000원",2026-04-08 13:22
92,ABP1689,할인기준,의료·교육 캐시백,이용조건,전월 이용금액 30만원 이상 시 제공,,,,,,,,,300000,,전월 이용금액 30만원 이상 시 제공,2026-04-08 13:22
93,ABP1689,할인기준,의료·교육 캐시백,이용조건,발급월+1개월까지는 전월 이용금액 30만원 미만 시에도 30만원 이상~60만원 미만 실적구간 혜택 제공(전월 이용금액 60만원 이상 시에는 해당 실적구간 혜택 제공),,,,,,,,,300000,,발급월+1개월까지는 전월 이용금액 30만원 미만 시에도 30만원 이상~60만원 미만 실적구간 혜택 제공(전월 이용금액 60만원 이상 시에는 해당 실적구간 혜택 제공),2026-04-08 13:22
94,ABP1689,할인기준,의료·교육 캐시백,이용조건,탈회 후 카드를 재발급받은 경우 전월 이용실적(일시불 및 할부 합산 30만원 이상) 충족 시 제공,,,,,,,,,300000,,탈회 후 카드를 재발급받은 경우 전월 이용실적(일시불 및 할부 합산 30만원 이상) 충족 시 제공,2026-04-08 13:22
95,ABP1689,유의사항,의료·교육 캐시백,유의사항,"의료·산후조리원은 오프라인 일반 결제건에 한하며, 요양병원, 보건소, 동물병원은 제외",,,,,,,,,,,"의료·산후조리원은 오프라인 일반 결제건에 한하며, 요양병원, 보건소, 동물병원은 제외",2026-04-08 13:22
96,ABP1689,유의사항,의료·교육 캐시백,유의사항,학원은 오프라인 일반 결제건에 한함,,,,,,,,,,,학원은 오프라인 일반 결제건에 한함,2026-04-08 13:22
97,ABP1689,유의사항,의료·교육 캐시백,유의사항,온라인서점은 공식 홈페이지·앱을 통한 결제건에 한함,,,,,,,,,,,온라인서점은 공식 홈페이지·앱을 통한 결제건에 한함,2026-04-08 13:22
98,ABP1689,유의사항,의료·교육 캐시백,유의사항,어린이집·유치원은 정부 지원금을 제외한 금액에 한함,,,,,,,,,,,어린이집·유치원은 정부 지원금을 제외한 금액에 한함,2026-04-08 13:22
99,ABP1689,유의사항,의료·교육 캐시백,유의사항,삼성카드 가맹점 업종 분류 기준에 의한 등록 가맹점에 한함,,,,,,,,,,,삼성카드 가맹점 업종 분류 기준에 의한 등록 가맹점에 한함,2026-04-08 13:22
100,ABP1689,유의사항,의료·교육 캐시백,유의사항,"캐시백 혜택 및 전월 이용금액 산정은 승인 시점 기준으로 적용. 다만, 해외 결제건 및 무승인 결제건(예 : 대중교통, 이동통신 등 자동납부 결제건 등)의 경우 매출전표 접수 시점으로 적용",,,,,,,,,,,"캐시백 혜택 및 전월 이용금액 산정은 승인 시점 기준으로 적용. 다만, 해외 결제건 및 무승인 결제건(예 : 대중교통, 이동통신 등 자동납부 결제건 등)의 경우 매출전표 접수 시점으로 적용",2026-04-08 13:22
101,ABP1689,유의사항,의료·교육 캐시백,유의사항,캐시백금액은 매출전표 접수 다음 달 15일(영업일 기준)에 해당 체크카드 결제계좌로 입금,,,,,,,,,,,캐시백금액은 매출전표 접수 다음 달 15일(영업일 기준)에 해당 체크카드 결제계좌로 입금,2026-04-08 13:22
102,ABP1689,유의사항,의료·교육 캐시백,유의사항,"전월 이용금액이란, 매월 1일부터 말일까지 이용한 일시불 및 할부 이용금액(단기카드대출(현금서비스), 장기카드대출(카드론), 각종 수수료 및 이자(할부수수료, 카드대출 이자 등), 연체료, 연회비 납부건은 일시불 및 할부 이용금액에 해당되지 않음)",,,,,,,,,,,"전월 이용금액이란, 매월 1일부터 말일까지 이용한 일시불 및 할부 이용금액(단기카드대출(현금서비스), 장기카드대출(카드론), 각종 수수료 및 이자(할부수수료, 카드대출 이자 등), 연체료, 연회비 납부건은 일시불 및 할부 이용금액에 해당되지 않음)",2026-04-08 13:22
103,ABP1689,유의사항,의료·교육 캐시백,유의사항,"전월 이용금액 산정 시, 국가바우처 이용건, 어린이집·유치원 이용금액, 건강보험/국민연금/고용보험/산재보험 및 장애인 고용부담금, 국세/지방세/공과금, 초·중·고등학교 학교납입금, 대학 등록금, 대중교통, 택시, 아파트 관리비, 부동산 임대료, 기프트/선불카드(포인트, 사이버머니 등 전자지급수단 포함) 구매 및 충전, 상품권 구매건은 제외",,,,,,,,,,,"전월 이용금액 산정 시, 국가바우처 이용건, 어린이집·유치원 이용금액, 건강보험/국민연금/고용보험/산재보험 및 장애인 고용부담금, 국세/지방세/공과금, 초·중·고등학교 학교납입금, 대학 등록금, 대중교통, 택시, 아파트 관리비, 부동산 임대료, 기프트/선불카드(포인트, 사이버머니 등 전자지급수단 포함) 구매 및 충전, 상품권 구매건은 제외",2026-04-08 13:22
104,ABP1689,유의사항,의료·교육 캐시백,유의사항,삼성카드는 아래 항목을 공과금으로 분류함,,,,,,,,,,,삼성카드는 아래 항목을 공과금으로 분류함,2026-04-08 13:22
105,ABP1689,유의사항,의료·교육 캐시백,유의사항,"전기요금, 사회보험료(건강보험/국민연금/고용보험/산재보험), 우편요금, 도시가스요금, 여권 발급비용, 상하수도요금, 과태료, 범칙금, 벌금, 국가·공공기관·공공단체(지방자치단체, 공공조합, 영조물, 공재단)에서 개설한 가맹점 이용금액",,,,,,,,,,,"전기요금, 사회보험료(건강보험/국민연금/고용보험/산재보험), 우편요금, 도시가스요금, 여권 발급비용, 상하수도요금, 과태료, 범칙금, 벌금, 국가·공공기관·공공단체(지방자치단체, 공공조합, 영조물, 공재단)에서 개설한 가맹점 이용금액",2026-04-08 13:22
106,ABP1689,유의사항,의료·교육 캐시백,유의사항,"결제 취소건의 경우, 매출취소전표 접수월의 이용금액에서 차감 반영",,,,,,,,,,,"결제 취소건의 경우, 매출취소전표 접수월의 이용금액에서 차감 반영",2026-04-08 13:22
107,ABP1689,유의사항,의료·교육 캐시백,유의사항,"포인트가 적립된 결제건이 취소될 경우, 해당 포인트는 보유 포인트에서 자동 차감되며, 포인트 부족 시 카드 결제계좌에서 자동 출금",,,,,,,,,,,"포인트가 적립된 결제건이 취소될 경우, 해당 포인트는 보유 포인트에서 자동 차감되며, 포인트 부족 시 카드 결제계좌에서 자동 출금",2026-04-08 13:22
108,ABP1689,유의사항,의료·교육 캐시백,할인 제외 대상,"국가바우처 이용건(보육료·유아학비 본인 부담금은 캐시백 적용), 기프트/선불카드(포인트, 사이버머니 등 전자지급수단 포함) 구매 및 충전, 상품권 구매건",,,,,,,,,,,"국가바우처 이용건(보육료·유아학비 본인 부담금은 캐시백 적용), 기프트/선불카드(포인트, 사이버머니 등 전자지급수단 포함) 구매 및 충전, 상품권 구매건",2026-04-08 13:22
109,ABP1689,혜택,신세계백화점 제휴서비스,서비스안내,"신세계백화점 할인쿠폰, 신세계포인트 적립에 관한 자세한 내용은 신세계백화점 홈페이지(www.shinsegae.com) 또는 신세계포인트 홈페이지(www.shinsegaepoint.com)를 통해 확인해 주세요.",백화점/아울렛/면세점,Offline,국내,서비스,,,,,,,"신세계백화점 할인쿠폰, 신세계포인트 적립에 관한 자세한 내용은 신세계백화점 홈페이지(www.shinsegae.com) 또는 신세계포인트 홈페이지(www.shinsegaepoint.com)를 통해 확인해 주세요.",2026-04-08 13:22
110,ABP1689,유의사항,연회비,연회비 유의사항,"해외에서 카드 결제 시 IC칩 비밀번호(PIN)를 요구하는 경우가 있으므로, 출국 전 반드시 IC칩 비밀번호(PIN) 등록 여부를 확인하시기 바랍니다.",,,,,,,,,,,"해외에서 카드 결제 시 IC칩 비밀번호(PIN)를 요구하는 경우가 있으므로, 출국 전 반드시 IC칩 비밀번호(PIN) 등록 여부를 확인하시기 바랍니다.",2026-04-08 13:22
111,ABP1689,유의사항,연회비,연회비 유의사항,"해외에서 카드 결제 시, 현지 통화가 아닌 원화로 결제하는 경우 해외원화결제 서비스(DCC) 수수료가 추가로 발생할 수 있으므로 유의하시기 바랍니다.",,,,,,,,,,,"해외에서 카드 결제 시, 현지 통화가 아닌 원화로 결제하는 경우 해외원화결제 서비스(DCC) 수수료가 추가로 발생할 수 있으므로 유의하시기 바랍니다.",2026-04-08 13:22
112,ABP1689,유의사항,연회비,연회비 유의사항,해외원화결제서비스(DCC) 차단방법 : 홈페이지(PC) 또는 앱 → 전체메뉴 → 고객센터 → 해외 이용 → 해외 이용 잠금 서비스,,,,,,,,,,,해외원화결제서비스(DCC) 차단방법 : 홈페이지(PC) 또는 앱 → 전체메뉴 → 고객센터 → 해외 이용 → 해외 이용 잠금 서비스,2026-04-08 13:22
113,ABP1689,유의사항,연회비,연회비 유의사항,"해외 이용 시(해외 사이트 거래 포함) 미화(USD) 기준 거래미화금액에 승인일의 우리은행 최초 고시 전신환매도율을 적용한 후, 국제브랜드사가 부과하는 브랜드사수수료(Mastercard 1%)와 삼성카드가 부과하는 해외이용수수료(0.2%)를 합산하여 원화로 청구됩니다. 단, 일부 무승인 결제건(예 : 항공, 무인 주유기 결제건 등)의 경우 접수일의 우리은행 최초 고시 전신환매도율을 적용합니다.",,,,,,,,,,,"해외 이용 시(해외 사이트 거래 포함) 미화(USD) 기준 거래미화금액에 승인일의 우리은행 최초 고시 전신환매도율을 적용한 후, 국제브랜드사가 부과하는 브랜드사수수료(Mastercard 1%)와 삼성카드가 부과하는 해외이용수수료(0.2%)를 합산하여 원화로 청구됩니다. 단, 일부 무승인 결제건(예 : 항공, 무인 주유기 결제건 등)의 경우 접수일의 우리은행 최초 고시 전신환매도율을 적용합니다.",2026-04-08 13:22
114,ABP1689,유의사항,연회비,연회비 유의사항,브랜드사수수료의 경우 국제브랜드사 정책에 따라 변경될 수 있음,,,,,,,,,,,브랜드사수수료의 경우 국제브랜드사 정책에 따라 변경될 수 있음,2026-04-08 13:22
115,ABP1689,유의사항,연회비,연회비 유의사항,해외 이용 시 청구금액 산출방법은 아래와 같습니다.,,,,,,,,,,,해외 이용 시 청구금액 산출방법은 아래와 같습니다.,2026-04-08 13:22
116,ABP1689,유의사항,연회비,연회비 유의사항,해외 이용 시 청구금액 = (거래미화금액 × 전신환매도율①) + 브랜드사수수료② + 해외이용수수료③ ① 전신환매도율 : 접수일의 우리은행 최초 고시 전신환매도율 ② 브랜드사수수료 = (거래미화금액 × 국제브랜드 이용 수수료율 1%) × 전신환매도율 ③ 해외이용수수료 = (거래미화금액 × 해외서비스 수수료율 0.2%) × 전신환매도율,,,,,,,,,,,해외 이용 시 청구금액 = (거래미화금액 × 전신환매도율①) + 브랜드사수수료② + 해외이용수수료③ ① 전신환매도율 : 접수일의 우리은행 최초 고시 전신환매도율 ② 브랜드사수수료 = (거래미화금액 × 국제브랜드 이용 수수료율 1%) × 전신환매도율 ③ 해외이용수수료 = (거래미화금액 × 해외서비스 수수료율 0.2%) × 전신환매도율,2026-04-08 13:22
1,ABP1384,혜택,KSP,KSP,0.2%~0.8% 빅포인트 적립,,Both,국내,서비스,,,,,,,0.2%~0.8% 빅포인트 적립,2026-04-08 13:22
2,ABP1384,혜택,KSP,KSP,놀이공원 할인 서비스,,Both,국내,서비스,,,,,,,놀이공원 할인 서비스,2026-04-08 13:22
3,ABP1384,혜택,포인트 적립,서비스안내,업종 및 연간 이용금액에 따라 0.2%~0.8% 빅포인트 적립,,Both,국내,포인트적립,2,%,,"법인공용카드, 무이자할부, 다이어트할부, 삼성카드 할인이 적용된 일시불 및 할부 이용금액, 고용/산재보험 및 장애인 고용부담금, 국세/지방세/공과금, 대학 등록금, 대중교통, 택시, 선불카드 충전(삼성유포인트카드, 삼성전자 멤버십 BLUE 삼성선불카드, 삼성올앳카드), 휴대폰알림서비스(S.InfoCare), 스마트오토서비스, 이마트 이클럽 등의 이용금액",,,업종 및 연간 이용금액에 따라 0.2%~0.8% 빅포인트 적립,2026-04-08 13:22
4,ABP1384,혜택,포인트 적립,대상점,일반 가맹점,,Both,국내,포인트적립,2,%,,"법인공용카드, 무이자할부, 다이어트할부, 삼성카드 할인이 적용된 일시불 및 할부 이용금액, 고용/산재보험 및 장애인 고용부담금, 국세/지방세/공과금, 대학 등록금, 대중교통, 택시, 선불카드 충전(삼성유포인트카드, 삼성전자 멤버십 BLUE 삼성선불카드, 삼성올앳카드), 휴대폰알림서비스(S.InfoCare), 스마트오토서비스, 이마트 이클럽 등의 이용금액",,,일반 가맹점,2026-04-08 13:22
5,ABP1384,혜택,포인트 적립,대상점,"음식점 : 한식, 양식, 일식, 중식, 뷔페, 패밀리레스토랑, 간이음식점, 패스트푸드 등 모든 음식점",,Both,국내,포인트적립,2,%,,"법인공용카드, 무이자할부, 다이어트할부, 삼성카드 할인이 적용된 일시불 및 할부 이용금액, 고용/산재보험 및 장애인 고용부담금, 국세/지방세/공과금, 대학 등록금, 대중교통, 택시, 선불카드 충전(삼성유포인트카드, 삼성전자 멤버십 BLUE 삼성선불카드, 삼성올앳카드), 휴대폰알림서비스(S.InfoCare), 스마트오토서비스, 이마트 이클럽 등의 이용금액",,,"음식점 : 한식, 양식, 일식, 중식, 뷔페, 패밀리레스토랑, 간이음식점, 패스트푸드 등 모든 음식점",2026-04-08 13:22
6,ABP1384,혜택,포인트 적립,대상점,주유 : 전국 주유소 및 LPG충전소,자동차/주유,Offline,국내,포인트적립,2,%,,"법인공용카드, 무이자할부, 다이어트할부, 삼성카드 할인이 적용된 일시불 및 할부 이용금액, 고용/산재보험 및 장애인 고용부담금, 국세/지방세/공과금, 대학 등록금, 대중교통, 택시, 선불카드 충전(삼성유포인트카드, 삼성전자 멤버십 BLUE 삼성선불카드, 삼성올앳카드), 휴대폰알림서비스(S.InfoCare), 스마트오토서비스, 이마트 이클럽 등의 이용금액",,,주유 : 전국 주유소 및 LPG충전소,2026-04-08 13:22
7,ABP1384,혜택,포인트 적립,대상점,"할인점 : 이마트(에브리데이, 트레이더스 포함), 홈플러스, 롯데마트, 빅마켓",슈퍼마켓/생활잡화,Both,국내,포인트적립,2,%,,"법인공용카드, 무이자할부, 다이어트할부, 삼성카드 할인이 적용된 일시불 및 할부 이용금액, 고용/산재보험 및 장애인 고용부담금, 국세/지방세/공과금, 대학 등록금, 대중교통, 택시, 선불카드 충전(삼성유포인트카드, 삼성전자 멤버십 BLUE 삼성선불카드, 삼성올앳카드), 휴대폰알림서비스(S.InfoCare), 스마트오토서비스, 이마트 이클럽 등의 이용금액",,,"할인점 : 이마트(에브리데이, 트레이더스 포함), 홈플러스, 롯데마트, 빅마켓",2026-04-08 13:22
8,ABP1384,할인기준,포인트 적립,이용조건,일반 가맹점 연간 이용금액 300만원 미만: 0.2%,,,,,0.2,%,,,,,일반 가맹점 연간 이용금액 300만원 미만: 0.2%,2026-04-08 13:22
9,ABP1384,할인기준,포인트 적립,이용조건,일반 가맹점 연간 이용금액 300만원 이상: 0.4%,,,,,0.4,%,,,,,일반 가맹점 연간 이용금액 300만원 이상: 0.4%,2026-04-08 13:22
10,ABP1384,할인기준,포인트 적립,이용조건,"음식점, 주유, 할인점 연간 이용금액 300만원 미만: 0.4%",,,,,0.4,%,,,,,"음식점, 주유, 할인점 연간 이용금액 300만원 미만: 0.4%",2026-04-08 13:22
11,ABP1384,할인기준,포인트 적립,이용조건,"음식점, 주유, 할인점 연간 이용금액 300만원 이상: 0.8%",,,,,0.8,%,,,,,"음식점, 주유, 할인점 연간 이용금액 300만원 이상: 0.8%",2026-04-08 13:22
12,ABP1384,할인기준,포인트 적립,이용조건,연간 이용금액은 본인이 발급받은 해당 카드 이용금액을 기준으로 산정(연 기준 : 카드 최초 발급월~1년),,,,,,,,,,,연간 이용금액은 본인이 발급받은 해당 카드 이용금액을 기준으로 산정(연 기준 : 카드 최초 발급월~1년),2026-04-08 13:22
13,ABP1384,할인기준,포인트 적립,이용조건,매년 카드 최초 발급월 기준으로 이용금액이 300만원 이상일 경우 다음 날부터 상향된 적립률 적용,,,,,,,,,,,매년 카드 최초 발급월 기준으로 이용금액이 300만원 이상일 경우 다음 날부터 상향된 적립률 적용,2026-04-08 13:22
14,ABP1384,유의사항,포인트 적립,할인 제외 대상,"법인공용카드, 무이자할부, 다이어트할부, 삼성카드 할인이 적용된 일시불 및 할부 이용금액, 고용/산재보험 및 장애인 고용부담금, 국세/지방세/공과금, 대학 등록금, 대중교통, 택시, 선불카드 충전(삼성유포인트카드, 삼성전자 멤버십 BLUE 삼성선불카드, 삼성올앳카드), 휴대폰알림서비스(S.InfoCare), 스마트오토서비스, 이마트 이클럽 등의 이용금액",,,,,,,,,,,"법인공용카드, 무이자할부, 다이어트할부, 삼성카드 할인이 적용된 일시불 및 할부 이용금액, 고용/산재보험 및 장애인 고용부담금, 국세/지방세/공과금, 대학 등록금, 대중교통, 택시, 선불카드 충전(삼성유포인트카드, 삼성전자 멤버십 BLUE 삼성선불카드, 삼성올앳카드), 휴대폰알림서비스(S.InfoCare), 스마트오토서비스, 이마트 이클럽 등의 이용금액",2026-04-08 13:22
15,ABP1384,유의사항,포인트 적립,유의사항,삼성카드 가맹점 업종 분류 기준에 의한 등록 가맹점에 한합니다.,,,,,,,,,,,삼성카드 가맹점 업종 분류 기준에 의한 등록 가맹점에 한합니다.,2026-04-08 13:22
16,ABP1384,유의사항,포인트 적립,유의사항,해당 가맹점이 실제 등록한 업종에 따라 적립률이 다르게 적용됩니다.,,,,,,,,,,,해당 가맹점이 실제 등록한 업종에 따라 적립률이 다르게 적용됩니다.,2026-04-08 13:22
17,ABP1384,유의사항,포인트 적립,유의사항,이마트 에브리데이 상품공급점 결제건은 제외됩니다.,,,,,,,,,,,이마트 에브리데이 상품공급점 결제건은 제외됩니다.,2026-04-08 13:22
18,ABP1384,유의사항,포인트 적립,유의사항,일부 임대매장 및 식품매장 결제건은 제외됩니다.,,,,,,,,,,,일부 임대매장 및 식품매장 결제건은 제외됩니다.,2026-04-08 13:22
19,ABP1384,유의사항,포인트 적립,유의사항,보너스클럽 이용 시 보너스포인트와 빅포인트 중 높은 적립률의 포인트가 적립됩니다.,,,,,,,,,,,보너스클럽 이용 시 보너스포인트와 빅포인트 중 높은 적립률의 포인트가 적립됩니다.,2026-04-08 13:22
20,ABP1384,유의사항,포인트 적립,유의사항,"적립된 빅포인트는 보너스포인트, 서비스포인트, 멤버십리워즈와 합산하여 사용할 수 있습니다.",,,,,,,,,,,"적립된 빅포인트는 보너스포인트, 서비스포인트, 멤버십리워즈와 합산하여 사용할 수 있습니다.",2026-04-08 13:22
21,ABP1384,유의사항,포인트 적립,유의사항,"빅포인트의 유효기간은 5년으로, 유효기간 만료 시 월 단위로 자동 소멸됩니다.",,,,,,,,,,,"빅포인트의 유효기간은 5년으로, 유효기간 만료 시 월 단위로 자동 소멸됩니다.",2026-04-08 13:22
22,ABP1384,유의사항,포인트 적립,유의사항,2014년 4월 30일까지 적립된 빅포인트의 유효기간은 3년으로 적용됩니다.,,,,,,,,,,,2014년 4월 30일까지 적립된 빅포인트의 유효기간은 3년으로 적용됩니다.,2026-04-08 13:22
23,ABP1384,혜택,놀이공원 할인,서비스안내,놀이공원 자유이용권 50%·워터파크 입장권 30% 현장할인,문화/엔터,Both,국내,할인,,,,,,,놀이공원 자유이용권 50%·워터파크 입장권 30% 현장할인,2026-04-08 13:22
24,ABP1384,할인기준,놀이공원 할인,이용조건,에버랜드 서비스내용: 자유이용권 50% 현장할인 홈페이지 예매 할인 가능(제휴 할인 카드 선택)예약하기,,,,,50,%,,,,,에버랜드 서비스내용: 자유이용권 50% 현장할인 홈페이지 예매 할인 가능(제휴 할인 카드 선택)예약하기,2026-04-08 13:22
25,ABP1384,할인기준,놀이공원 할인,이용조건,롯데월드 서비스내용: 자유이용권 50% 현장할인 홈페이지 예매 할인 가능(제휴 할인 카드 선택)예약하기,,,,,50,%,,,,,롯데월드 서비스내용: 자유이용권 50% 현장할인 홈페이지 예매 할인 가능(제휴 할인 카드 선택)예약하기,2026-04-08 13:22
26,ABP1384,할인기준,놀이공원 할인,이용조건,"서울랜드, 통도환타지아, 대전오월드,경주월드 서비스내용: 자유이용권 50% 현장할인",,,,,50,%,,,,,"서울랜드, 통도환타지아, 대전오월드,경주월드 서비스내용: 자유이용권 50% 현장할인",2026-04-08 13:22
27,ABP1384,할인기준,놀이공원 할인,이용조건,이월드 서비스내용: 자유이용권 50% 현장할인 또는 무료 입장,,,,,50,%,,,,,이월드 서비스내용: 자유이용권 50% 현장할인 또는 무료 입장,2026-04-08 13:22
28,ABP1384,할인기준,놀이공원 할인,이용조건,"캐리비안베이, 아쿠아환타지아,캘리포니아비치 서비스내용: 입장권 30% 현장할인",,,,,30,%,,,,,"캐리비안베이, 아쿠아환타지아,캘리포니아비치 서비스내용: 입장권 30% 현장할인",2026-04-08 13:22
29,ABP1384,할인기준,놀이공원 할인,이용조건,"중흥골드스파, 디오션리조트 워터파크, 스파밸리 서비스내용: 입장권 30% 현장할인(동반 1인 포함)",,,,,301,%,,,,,"중흥골드스파, 디오션리조트 워터파크, 스파밸리 서비스내용: 입장권 30% 현장할인(동반 1인 포함)",2026-04-08 13:22
30,ABP1384,할인기준,놀이공원 할인,이용조건,직전 3개월 월평균 일시불 및 할부 이용금액 30만원 이상 시 제공,,,,,,,,,,,직전 3개월 월평균 일시불 및 할부 이용금액 30만원 이상 시 제공,2026-04-08 13:22
31,ABP1384,할인기준,놀이공원 할인,이용조건,"아래의 경우, 발급월+2개월까지는 이용금액에 관계없이 1회 제공",,,,,,,,,,,"아래의 경우, 발급월+2개월까지는 이용금액에 관계없이 1회 제공",2026-04-08 13:22
32,ABP1384,할인기준,놀이공원 할인,이용조건,삼성카드 신규 회원,,,,,,,,,,,삼성카드 신규 회원,2026-04-08 13:22
33,ABP1384,할인기준,놀이공원 할인,이용조건,직전 3개월 동안 무실적 회원이 카드를 추가·교체 발급한 경우,,,,,,,,,,,직전 3개월 동안 무실적 회원이 카드를 추가·교체 발급한 경우,2026-04-08 13:22
34,ABP1384,할인기준,놀이공원 할인,이용조건,"카드당 통합 일 1회, 연 5회 제공",,,,,,,,,,,"카드당 통합 일 1회, 연 5회 제공",2026-04-08 13:22
35,ABP1384,할인기준,놀이공원 할인,이용조건,연 기준 : 1.1~12.31,,,,,,,,,,,연 기준 : 1.1~12.31,2026-04-08 13:22
36,ABP1384,혜택,CGV 할인,서비스안내,"CGV 현장에서 5,000원 이상 결제시 3,000원 현장할인",문화/엔터,Both,국내,할인,,,,,,,"CGV 현장에서 5,000원 이상 결제시 3,000원 현장할인",2026-04-08 13:22
37,ABP1384,할인기준,CGV 할인,이용조건,직전 3개월 월평균 일시불 및 할부 이용금액 30만원 이상 시 제공,,,,,,,,,,,직전 3개월 월평균 일시불 및 할부 이용금액 30만원 이상 시 제공,2026-04-08 13:22
38,ABP1384,할인기준,CGV 할인,이용조건,"아래의 경우, 발급월+2개월간 1회 제공",,,,,,,,,,,"아래의 경우, 발급월+2개월간 1회 제공",2026-04-08 13:22
39,ABP1384,할인기준,CGV 할인,이용조건,삼성카드 신규 회원,,,,,,,,,,,삼성카드 신규 회원,2026-04-08 13:22
40,ABP1384,할인기준,CGV 할인,이용조건,직전 3개월 동안 무실적 회원이 카드를 추가·교체 발급한 경우,,,,,,,,,,,직전 3개월 동안 무실적 회원이 카드를 추가·교체 발급한 경우,2026-04-08 13:22
41,ABP1384,할인기준,CGV 할인,이용조건,"통합 일 1회, 연 3회 제공",,,,,,,,,,,"통합 일 1회, 연 3회 제공",2026-04-08 13:22
42,ABP1384,할인기준,CGV 할인,이용조건,연 기준 : 1.1~12.31,,,,,,,,,,,연 기준 : 1.1~12.31,2026-04-08 13:22
43,ABP1384,혜택,CGV 할인,서비스안내,"CGV 홈페이지 및 앱을 통해 5,000원 이상 결제 시 3,000원 즉시할인",문화/엔터,Both,국내,할인,,,,,,,"CGV 홈페이지 및 앱을 통해 5,000원 이상 결제 시 3,000원 즉시할인",2026-04-08 13:22
44,ABP1384,할인기준,CGV 할인,이용조건,"일 1회, 연 3회 제공",,,,,,,,,,,"일 1회, 연 3회 제공",2026-04-08 13:22
45,ABP1384,할인기준,CGV 할인,이용조건,직전 3개월 월평균 일시불 및 할부 이용금액 30만원 이상 시 제공,,,,,,,,,,,직전 3개월 월평균 일시불 및 할부 이용금액 30만원 이상 시 제공,2026-04-08 13:22
46,ABP1384,할인기준,CGV 할인,이용조건,"아래의 경우, 발급월+2개월까지는 이용금액에 관계없이 1회 제공",,,,,,,,,,,"아래의 경우, 발급월+2개월까지는 이용금액에 관계없이 1회 제공",2026-04-08 13:22
47,ABP1384,할인기준,CGV 할인,이용조건,삼성카드 신규 회원,,,,,,,,,,,삼성카드 신규 회원,2026-04-08 13:22
48,ABP1384,할인기준,CGV 할인,이용조건,직전 3개월 동안 무실적 회원이 카드를 추가·교체 발급한 경우,,,,,,,,,,,직전 3개월 동안 무실적 회원이 카드를 추가·교체 발급한 경우,2026-04-08 13:22
49,ABP1384,유의사항,CGV 할인,유의사항,예매 대행사이트 이용 시 즉시할인이 적용되지 않습니다.,,,,,,,,,,,예매 대행사이트 이용 시 즉시할인이 적용되지 않습니다.,2026-04-08 13:22
50,ABP1384,유의사항,CGV 할인,유의사항,"삼성카드의 다른 혜택과 중복 적용되지 않으며,할인 혜택이 큰 금액만 적용됩니다.",,,,,,,,,,,"삼성카드의 다른 혜택과 중복 적용되지 않으며,할인 혜택이 큰 금액만 적용됩니다.",2026-04-08 13:22
51,ABP1384,혜택,후불교통 서비스,서비스안내,후불교통카드 기능 제공,대중교통/택시,Offline,국내,서비스,,,,,,,후불교통카드 기능 제공,2026-04-08 13:22
52,ABP1384,할인기준,후불교통 서비스,이용조건,발급대상 : 만 19세 이상(연체 등 신용상태에 따라 이용 제한 가능),,,,,19,,,,,,발급대상 : 만 19세 이상(연체 등 신용상태에 따라 이용 제한 가능),2026-04-08 13:22
53,ABP1384,할인기준,후불교통 서비스,이용조건,후불교통 이용금액 청구방식(결제일 25일 기준 : 전월 13일~해당월 12일),,,,,251312,,,,,,후불교통 이용금액 청구방식(결제일 25일 기준 : 전월 13일~해당월 12일),2026-04-08 13:22
54,ABP1384,할인기준,후불교통 서비스,이용조건,2015년 2월 23일 이후 발급 시 : 체크카드 결제계좌로 해당월 25일에 청구,,,,,201522325,,,,,,2015년 2월 23일 이후 발급 시 : 체크카드 결제계좌로 해당월 25일에 청구,2026-04-08 13:22
55,ABP1384,할인기준,후불교통 서비스,이용조건,"2015년 2월 22일 이전 발급 시 : 신용카드 보유 시 신용카드 결제일에 결제계좌로 통합 청구되며, 체크카드만 보유 시 최초 발급받은 체크카드 결제계좌로 해당월 25일에 청구",,,,,201522225,,,,,,"2015년 2월 22일 이전 발급 시 : 신용카드 보유 시 신용카드 결제일에 결제계좌로 통합 청구되며, 체크카드만 보유 시 최초 발급받은 체크카드 결제계좌로 해당월 25일에 청구",2026-04-08 13:22
56,ABP1384,유의사항,후불교통 서비스,유의사항,택시 이용건은 제외됩니다.,,,,,,,,,,,택시 이용건은 제외됩니다.,2026-04-08 13:22
57,ABP1384,유의사항,후불교통 서비스,유의사항,후불교통 이용금액 연체 시 신용상 불이익을 받을 수 있습니다.,,,,,,,,,,,후불교통 이용금액 연체 시 신용상 불이익을 받을 수 있습니다.,2026-04-08 13:22
1,ABP1383,혜택,KSP,KSP,0.2%~0.6% 캐시백,,Both,국내,서비스,,,,,,,0.2%~0.6% 캐시백,2026-04-08 13:22
2,ABP1383,혜택,KSP,KSP,놀이공원 할인 서비스,,Both,국내,서비스,,,,,,,놀이공원 할인 서비스,2026-04-08 13:22
3,ABP1383,혜택,국내가맹점 캐시백,서비스안내,업종 및 연간 이용금액에 따라 0.2%~0.6% 캐시백,,Both,국내,캐시백,2,%,,"고용/산재보험 및 장애인 고용부담금, 국세/지방세/공과금, 대학 등록금, 선불카드 충전(삼성유포인트카드, 삼성전자 멤버십 BLUE 삼성선불카드, 삼성올앳카드), 휴대폰알림서비스(S.InfoCare), 스마트오토서비스, 이마트 이클럽, 일부 가맹점의 의약품 결제건 등의 이용금액 / 중국공상은행 삼성체크카드 & CASHBACK의 해외 이용건",,,업종 및 연간 이용금액에 따라 0.2%~0.6% 캐시백,2026-04-08 13:22
4,ABP1383,할인기준,국내가맹점 캐시백,이용조건,일반 가맹점 | 0.2% | 0.4%,,,,,0.20.4,%,,,,,일반 가맹점 | 0.2% | 0.4%,2026-04-08 13:22
5,ABP1383,할인기준,국내가맹점 캐시백,이용조건,"음식점, 주유, 할인점 | 0.3% | 0.6%",,,,,0.30.6,%,,,,,"음식점, 주유, 할인점 | 0.3% | 0.6%",2026-04-08 13:22
6,ABP1383,할인기준,국내가맹점 캐시백,이용조건,"음식점 : 한식, 양식, 일식, 중식, 뷔페, 패밀리레스토랑, 간이음식점, 패스트푸드 등 모든 음식점",,,,,,,,,,,"음식점 : 한식, 양식, 일식, 중식, 뷔페, 패밀리레스토랑, 간이음식점, 패스트푸드 등 모든 음식점",2026-04-08 13:22
7,ABP1383,할인기준,국내가맹점 캐시백,이용조건,주유 : 전국 주유소 및 LPG충전소,,,,,,,,,,,주유 : 전국 주유소 및 LPG충전소,2026-04-08 13:22
8,ABP1383,할인기준,국내가맹점 캐시백,이용조건,"할인점 : 이마트(에브리데이, 트레이더스 포함), 홈플러스, 롯데마트, 빅마켓",,,,,,,,,,,"할인점 : 이마트(에브리데이, 트레이더스 포함), 홈플러스, 롯데마트, 빅마켓",2026-04-08 13:22
9,ABP1383,할인기준,국내가맹점 캐시백,이용조건,캐시백은 결제한 다음 달 15일에 결제계좌로 입금(월 1회),,,,,151,,,,,,캐시백은 결제한 다음 달 15일에 결제계좌로 입금(월 1회),2026-04-08 13:22
10,ABP1383,할인기준,국내가맹점 캐시백,이용조건,연간 이용금액은 본인이 발급받은 해당 카드 이용금액을 기준으로 산정(연 기준 : 카드 최초 발급월~1년),,,,,,,,,,,연간 이용금액은 본인이 발급받은 해당 카드 이용금액을 기준으로 산정(연 기준 : 카드 최초 발급월~1년),2026-04-08 13:22
11,ABP1383,할인기준,국내가맹점 캐시백,이용조건,매년 카드 최초 발급월 기준으로 이용금액이 300만원 이상일 경우 다음 날부터 상향된 적립률 적용,,,,,,,,,,,매년 카드 최초 발급월 기준으로 이용금액이 300만원 이상일 경우 다음 날부터 상향된 적립률 적용,2026-04-08 13:22
12,ABP1383,유의사항,국내가맹점 캐시백,할인 제외 대상,"고용/산재보험 및 장애인 고용부담금, 국세/지방세/공과금, 대학 등록금, 선불카드 충전(삼성유포인트카드, 삼성전자 멤버십 BLUE 삼성선불카드, 삼성올앳카드), 휴대폰알림서비스(S.InfoCare), 스마트오토서비스, 이마트 이클럽, 일부 가맹점의 의약품 결제건 등의 이용금액",,,,,,,,,,,"고용/산재보험 및 장애인 고용부담금, 국세/지방세/공과금, 대학 등록금, 선불카드 충전(삼성유포인트카드, 삼성전자 멤버십 BLUE 삼성선불카드, 삼성올앳카드), 휴대폰알림서비스(S.InfoCare), 스마트오토서비스, 이마트 이클럽, 일부 가맹점의 의약품 결제건 등의 이용금액",2026-04-08 13:22
13,ABP1383,유의사항,국내가맹점 캐시백,할인 제외 대상,중국공상은행 삼성체크카드 & CASHBACK의 해외 이용건,,,,,,,,,,,중국공상은행 삼성체크카드 & CASHBACK의 해외 이용건,2026-04-08 13:22
14,ABP1383,유의사항,국내가맹점 캐시백,유의사항,삼성카드 가맹점 업종 분류 기준에 의한 등록 가맹점에 한합니다.,,,,,,,,,,,삼성카드 가맹점 업종 분류 기준에 의한 등록 가맹점에 한합니다.,2026-04-08 13:22
15,ABP1383,유의사항,국내가맹점 캐시백,유의사항,해당 가맹점이 실제 등록한 업종에 따라 적립률이 다르게 적용됩니다.,,,,,,,,,,,해당 가맹점이 실제 등록한 업종에 따라 적립률이 다르게 적용됩니다.,2026-04-08 13:22
16,ABP1383,유의사항,국내가맹점 캐시백,유의사항,이마트 에브리데이 상품공급점 결제건은 제외됩니다.,,,,,,,,,,,이마트 에브리데이 상품공급점 결제건은 제외됩니다.,2026-04-08 13:22
17,ABP1383,유의사항,국내가맹점 캐시백,유의사항,일부 임대매장 및 식품매장 결제건은 제외됩니다.,,,,,,,,,,,일부 임대매장 및 식품매장 결제건은 제외됩니다.,2026-04-08 13:22
18,ABP1383,유의사항,국내가맹점 캐시백,유의사항,"캐시백 제외 대상 중 ‘일부 가맹점의 의약품 결제건’의 대상점은 삼성카드 홈페이지 자주 하는 질문(FAQ)에서 확인 바랍니다.(자주 하는 질문(FAQ) → 카드 이용 → 카드 서비스 → 캐시백 제외 대상에 ‘일부 가맹점의 의약품 결제건’이 있는데, ‘일부 가맹점’은 어디인가요?)",,,,,,,,,,,"캐시백 제외 대상 중 ‘일부 가맹점의 의약품 결제건’의 대상점은 삼성카드 홈페이지 자주 하는 질문(FAQ)에서 확인 바랍니다.(자주 하는 질문(FAQ) → 카드 이용 → 카드 서비스 → 캐시백 제외 대상에 ‘일부 가맹점의 의약품 결제건’이 있는데, ‘일부 가맹점’은 어디인가요?)",2026-04-08 13:22
19,ABP1383,혜택,놀이공원 할인,서비스안내,놀이공원 자유이용권 50%·워터파크 입장권 30% 현장할인,문화/엔터,Both,국내,할인,,,,,,,놀이공원 자유이용권 50%·워터파크 입장권 30% 현장할인,2026-04-08 13:22
20,ABP1383,할인기준,놀이공원 할인,이용조건,에버랜드 서비스내용: 자유이용권 50% 현장할인 홈페이지 예매 할인 가능(제휴 할인 카드 선택)예약하기,,,,,50,%,,,,,에버랜드 서비스내용: 자유이용권 50% 현장할인 홈페이지 예매 할인 가능(제휴 할인 카드 선택)예약하기,2026-04-08 13:22
21,ABP1383,할인기준,놀이공원 할인,이용조건,롯데월드 서비스내용: 자유이용권 50% 현장할인 홈페이지 예매 할인 가능(제휴 할인 카드 선택)예약하기,,,,,50,%,,,,,롯데월드 서비스내용: 자유이용권 50% 현장할인 홈페이지 예매 할인 가능(제휴 할인 카드 선택)예약하기,2026-04-08 13:22
22,ABP1383,할인기준,놀이공원 할인,이용조건,"서울랜드, 통도환타지아, 대전오월드,경주월드 서비스내용: 자유이용권 50% 현장할인",,,,,50,%,,,,,"서울랜드, 통도환타지아, 대전오월드,경주월드 서비스내용: 자유이용권 50% 현장할인",2026-04-08 13:22
23,ABP1383,할인기준,놀이공원 할인,이용조건,이월드 서비스내용: 자유이용권 50% 현장할인 또는 무료 입장,,,,,50,%,,,,,이월드 서비스내용: 자유이용권 50% 현장할인 또는 무료 입장,2026-04-08 13:22
24,ABP1383,할인기준,놀이공원 할인,이용조건,"캐리비안베이, 아쿠아환타지아,캘리포니아비치 서비스내용: 입장권 30% 현장할인",,,,,30,%,,,,,"캐리비안베이, 아쿠아환타지아,캘리포니아비치 서비스내용: 입장권 30% 현장할인",2026-04-08 13:22
25,ABP1383,할인기준,놀이공원 할인,이용조건,"중흥골드스파, 디오션리조트 워터파크, 스파밸리 서비스내용: 입장권 30% 현장할인(동반 1인 포함)",,,,,301,%,,,,,"중흥골드스파, 디오션리조트 워터파크, 스파밸리 서비스내용: 입장권 30% 현장할인(동반 1인 포함)",2026-04-08 13:22
26,ABP1383,할인기준,놀이공원 할인,이용조건,직전 3개월 월평균 일시불 및 할부 이용금액 30만원 이상 시 제공,,,,,,,,,,,직전 3개월 월평균 일시불 및 할부 이용금액 30만원 이상 시 제공,2026-04-08 13:22
27,ABP1383,할인기준,놀이공원 할인,이용조건,"아래의 경우, 발급월+2개월까지는 이용금액에 관계없이 1회 제공",,,,,,,,,,,"아래의 경우, 발급월+2개월까지는 이용금액에 관계없이 1회 제공",2026-04-08 13:22
28,ABP1383,할인기준,놀이공원 할인,이용조건,삼성카드 신규 회원,,,,,,,,,,,삼성카드 신규 회원,2026-04-08 13:22
29,ABP1383,할인기준,놀이공원 할인,이용조건,직전 3개월 동안 무실적 회원이 카드를 추가·교체 발급한 경우,,,,,,,,,,,직전 3개월 동안 무실적 회원이 카드를 추가·교체 발급한 경우,2026-04-08 13:22
30,ABP1383,할인기준,놀이공원 할인,이용조건,"카드당 통합 일 1회, 연 5회 제공",,,,,,,,,,,"카드당 통합 일 1회, 연 5회 제공",2026-04-08 13:22
31,ABP1383,할인기준,놀이공원 할인,이용조건,연 기준 : 1.1~12.31,,,,,,,,,,,연 기준 : 1.1~12.31,2026-04-08 13:22
32,ABP1383,혜택,CGV 할인,서비스안내,"CGV 현장에서 5,000원 이상 결제시 3,000원 현장할인",문화/엔터,Both,국내,할인,,,,,,,"CGV 현장에서 5,000원 이상 결제시 3,000원 현장할인",2026-04-08 13:22
33,ABP1383,할인기준,CGV 할인,이용조건,직전 3개월 월평균 일시불 및 할부 이용금액 30만원 이상 시 제공,,,,,,,,,,,직전 3개월 월평균 일시불 및 할부 이용금액 30만원 이상 시 제공,2026-04-08 13:22
34,ABP1383,할인기준,CGV 할인,이용조건,"아래의 경우, 발급월+2개월간 1회 제공",,,,,,,,,,,"아래의 경우, 발급월+2개월간 1회 제공",2026-04-08 13:22
35,ABP1383,할인기준,CGV 할인,이용조건,삼성카드 신규 회원,,,,,,,,,,,삼성카드 신규 회원,2026-04-08 13:22
36,ABP1383,할인기준,CGV 할인,이용조건,직전 3개월 동안 무실적 회원이 카드를 추가·교체 발급한 경우,,,,,,,,,,,직전 3개월 동안 무실적 회원이 카드를 추가·교체 발급한 경우,2026-04-08 13:22
37,ABP1383,할인기준,CGV 할인,이용조건,"통합 일 1회, 연 3회 제공",,,,,,,,,,,"통합 일 1회, 연 3회 제공",2026-04-08 13:22
38,ABP1383,할인기준,CGV 할인,이용조건,연 기준 : 1.1~12.31,,,,,,,,,,,연 기준 : 1.1~12.31,2026-04-08 13:22
39,ABP1383,혜택,CGV 할인,서비스안내,"CGV 홈페이지 및 앱을 통해 5,000원 이상 결제 시 3,000원 즉시할인",문화/엔터,Both,국내,할인,,,,,,,"CGV 홈페이지 및 앱을 통해 5,000원 이상 결제 시 3,000원 즉시할인",2026-04-08 13:22
40,ABP1383,할인기준,CGV 할인,이용조건,"일 1회, 연 3회 제공",,,,,,,,,,,"일 1회, 연 3회 제공",2026-04-08 13:22
41,ABP1383,할인기준,CGV 할인,이용조건,직전 3개월 월평균 일시불 및 할부 이용금액 30만원 이상 시 제공,,,,,,,,,,,직전 3개월 월평균 일시불 및 할부 이용금액 30만원 이상 시 제공,2026-04-08 13:22
42,ABP1383,할인기준,CGV 할인,이용조건,"아래의 경우, 발급월+2개월까지는 이용금액에 관계없이 1회 제공",,,,,,,,,,,"아래의 경우, 발급월+2개월까지는 이용금액에 관계없이 1회 제공",2026-04-08 13:22
43,ABP1383,할인기준,CGV 할인,이용조건,삼성카드 신규 회원,,,,,,,,,,,삼성카드 신규 회원,2026-04-08 13:22
44,ABP1383,할인기준,CGV 할인,이용조건,직전 3개월 동안 무실적 회원이 카드를 추가·교체 발급한 경우,,,,,,,,,,,직전 3개월 동안 무실적 회원이 카드를 추가·교체 발급한 경우,2026-04-08 13:22
45,ABP1383,유의사항,CGV 할인,유의사항,예매 대행사이트 이용 시 즉시할인이 적용되지 않습니다.,,,,,,,,,,,예매 대행사이트 이용 시 즉시할인이 적용되지 않습니다.,2026-04-08 13:22
46,ABP1383,유의사항,CGV 할인,유의사항,"삼성카드의 다른 혜택과 중복 적용되지 않으며,할인 혜택이 큰 금액만 적용됩니다.",,,,,,,,,,,"삼성카드의 다른 혜택과 중복 적용되지 않으며,할인 혜택이 큰 금액만 적용됩니다.",2026-04-08 13:22
1,AAP1483,혜택,KSP,KSP,대중교통·택시 10% 결제일할인,,Both,국내,서비스,,,,,,,대중교통·택시 10% 결제일할인,2026-04-08 13:22
2,AAP1483,혜택,KSP,KSP,통신요금 10% 결제일할인,,Both,국내,서비스,,,,,,,통신요금 10% 결제일할인,2026-04-08 13:22
3,AAP1483,혜택,KSP,KSP,"CGV·롯데시네마 5,000원 결제일할인",,Both,국내,서비스,,,,,,,"CGV·롯데시네마 5,000원 결제일할인",2026-04-08 13:22
4,AAP1483,혜택,컨택리스(비접촉) 결제 지원,카드이용TIP,카드 플레이트에 위의 아이콘이 있으신가요? 컨택리스 아이콘이 있는 가맹점이라면 단말기에 카드 터치만으로 결제 가능! 카드를 삽입하거나 긁을 필요 없이 결제하세요. 국내와 해외에서 어디서든 안전하고 편리하게 결제할 수 있어요.,,Both,국내,서비스,,,,,,,카드 플레이트에 위의 아이콘이 있으신가요? 컨택리스 아이콘이 있는 가맹점이라면 단말기에 카드 터치만으로 결제 가능! 카드를 삽입하거나 긁을 필요 없이 결제하세요. 국내와 해외에서 어디서든 안전하고 편리하게 결제할 수 있어요.,2026-04-08 13:22
5,AAP1483,혜택,라이프스타일 패키지 (택1),서비스안내,라이프스타일에 따른 옵션 패키지 선택 시 업종별 결제일할인(청구할인) 또는 빅포인트 적립,,Both,국내,서비스,,,,"법인공용카드, 무이자할부, 다이어트할부, 삼성카드 할인이 적용된 일시불 및 할부 이용금액, 고용/산재보험 및 장애인 고용부담금, 국세/지방세/공과금, 대학 등록금, 대중교통, 택시, 고속버스(차내 단말기 및 고속버스 앱 결제), 고속도로 통행요금, 모바일 티머니, 선불카드 충전(삼성유포인트카드, 삼성전자 멤버십 BLUE 삼성선불카드, 삼성올앳카드 등), 이마트 이클럽, 문자알림서비스, 스마트오토서비스 이용금액",300000,,라이프스타일에 따른 옵션 패키지 선택 시 업종별 결제일할인(청구할인) 또는 빅포인트 적립,2026-04-08 13:22
6,AAP1483,혜택,라이프스타일 패키지 (택1),서비스안내,쇼핑 7% 결제일할인 및 1% 적립,,Both,국내,서비스,,,,"법인공용카드, 무이자할부, 다이어트할부, 삼성카드 할인이 적용된 일시불 및 할부 이용금액, 고용/산재보험 및 장애인 고용부담금, 국세/지방세/공과금, 대학 등록금, 대중교통, 택시, 고속버스(차내 단말기 및 고속버스 앱 결제), 고속도로 통행요금, 모바일 티머니, 선불카드 충전(삼성유포인트카드, 삼성전자 멤버십 BLUE 삼성선불카드, 삼성올앳카드 등), 이마트 이클럽, 문자알림서비스, 스마트오토서비스 이용금액",300000,,쇼핑 7% 결제일할인 및 1% 적립,2026-04-08 13:22
7,AAP1483,혜택,라이프스타일 패키지 (택1),서비스안내,커피 30% 또는 50% 결제일할인,,Both,국내,서비스,,,,"법인공용카드, 무이자할부, 다이어트할부, 삼성카드 할인이 적용된 일시불 및 할부 이용금액, 고용/산재보험 및 장애인 고용부담금, 국세/지방세/공과금, 대학 등록금, 대중교통, 택시, 고속버스(차내 단말기 및 고속버스 앱 결제), 고속도로 통행요금, 모바일 티머니, 선불카드 충전(삼성유포인트카드, 삼성전자 멤버십 BLUE 삼성선불카드, 삼성올앳카드 등), 이마트 이클럽, 문자알림서비스, 스마트오토서비스 이용금액",300000,,커피 30% 또는 50% 결제일할인,2026-04-08 13:22
8,AAP1483,혜택,라이프스타일 패키지 (택1),서비스안내,자세한 내용은 ‘옵션 패키지 자세히 보기’에서 확인 바랍니다.,,Both,국내,서비스,,,,"법인공용카드, 무이자할부, 다이어트할부, 삼성카드 할인이 적용된 일시불 및 할부 이용금액, 고용/산재보험 및 장애인 고용부담금, 국세/지방세/공과금, 대학 등록금, 대중교통, 택시, 고속버스(차내 단말기 및 고속버스 앱 결제), 고속도로 통행요금, 모바일 티머니, 선불카드 충전(삼성유포인트카드, 삼성전자 멤버십 BLUE 삼성선불카드, 삼성올앳카드 등), 이마트 이클럽, 문자알림서비스, 스마트오토서비스 이용금액",300000,,자세한 내용은 ‘옵션 패키지 자세히 보기’에서 확인 바랍니다.,2026-04-08 13:22
9,AAP1483,할인기준,라이프스타일 패키지 (택1),이용조건,삼성카드 앱을 통해 매월 옵션 패키지 변경 가능,,,,,,,,,,,삼성카드 앱을 통해 매월 옵션 패키지 변경 가능,2026-04-08 13:22
10,AAP1483,할인기준,라이프스타일 패키지 (택1),이용조건,변경 신청 다음 달 1일에 자동 반영,,,,,,,,,,,변경 신청 다음 달 1일에 자동 반영,2026-04-08 13:22
11,AAP1483,할인기준,라이프스타일 패키지 (택1),이용조건,한도조건,,,,,,,,,,,한도조건,2026-04-08 13:22
12,AAP1483,할인기준,라이프스타일 패키지 (택1),이용조건,"할인 : 쇼핑 업종 월 5,000원, 커피 업종 월 10,000원",,,,,,,,,,,"할인 : 쇼핑 업종 월 5,000원, 커피 업종 월 10,000원",2026-04-08 13:22
13,AAP1483,할인기준,라이프스타일 패키지 (택1),이용조건,적립 : 없음,,,,,,,,,,,적립 : 없음,2026-04-08 13:22
14,AAP1483,할인기준,라이프스타일 패키지 (택1),이용조건,실적조건,,,,,,,,,,,실적조건,2026-04-08 13:22
15,AAP1483,할인기준,라이프스타일 패키지 (택1),이용조건,할인 : 전월 일시불 및 할부 이용금액 30만원 이상 시 제공,,,,,,,,,300000,,할인 : 전월 일시불 및 할부 이용금액 30만원 이상 시 제공,2026-04-08 13:22
16,AAP1483,유의사항,라이프스타일 패키지 (택1),할인 제외 대상,"법인공용카드, 무이자할부, 다이어트할부, 삼성카드 할인이 적용된 일시불 및 할부 이용금액, 고용/산재보험 및 장애인 고용부담금, 국세/지방세/공과금, 대학 등록금, 대중교통, 택시, 고속버스(차내 단말기 및 고속버스 앱 결제), 고속도로 통행요금, 모바일 티머니, 선불카드 충전(삼성유포인트카드, 삼성전자 멤버십 BLUE 삼성선불카드, 삼성올앳카드 등), 이마트 이클럽, 문자알림서비스, 스마트오토서비스 이용금액",,,,,,,,,,,"법인공용카드, 무이자할부, 다이어트할부, 삼성카드 할인이 적용된 일시불 및 할부 이용금액, 고용/산재보험 및 장애인 고용부담금, 국세/지방세/공과금, 대학 등록금, 대중교통, 택시, 고속버스(차내 단말기 및 고속버스 앱 결제), 고속도로 통행요금, 모바일 티머니, 선불카드 충전(삼성유포인트카드, 삼성전자 멤버십 BLUE 삼성선불카드, 삼성올앳카드 등), 이마트 이클럽, 문자알림서비스, 스마트오토서비스 이용금액",2026-04-08 13:22
17,AAP1483,유의사항,라이프스타일 패키지 (택1),유의사항,삼성카드 가맹점 업종 분류 기준에 의한 등록 가맹점에 한합니다.,,,,,,,,,,,삼성카드 가맹점 업종 분류 기준에 의한 등록 가맹점에 한합니다.,2026-04-08 13:22
18,AAP1483,유의사항,라이프스타일 패키지 (택1),유의사항,해당 카드 이용 시 카드 혜택 외 삼성카드의 다른 할인 및 적립 혜택은 제공되지 않습니다.,,,,,,,,,,,해당 카드 이용 시 카드 혜택 외 삼성카드의 다른 할인 및 적립 혜택은 제공되지 않습니다.,2026-04-08 13:22
19,AAP1483,유의사항,라이프스타일 패키지 (택1),유의사항,할인이 적용된 이용금액에 대해서는 포인트가 적립되지 않습니다.,,,,,,,,,,,할인이 적용된 이용금액에 대해서는 포인트가 적립되지 않습니다.,2026-04-08 13:22
20,AAP1483,유의사항,라이프스타일 패키지 (택1),유의사항,무이자할부 이용 시 할인 혜택은 적용되지 않습니다.,,,,,,,,,,,무이자할부 이용 시 할인 혜택은 적용되지 않습니다.,2026-04-08 13:22
21,AAP1483,유의사항,라이프스타일 패키지 (택1),유의사항,"트렌디숍, 커피전문점, 스타벅스의 경우 오프라인 매장(가두매장) 결제건에 한하며, 백화점, 쇼핑몰 내 임대매장 결제건은 제외됩니다.",,,,,,,,,,,"트렌디숍, 커피전문점, 스타벅스의 경우 오프라인 매장(가두매장) 결제건에 한하며, 백화점, 쇼핑몰 내 임대매장 결제건은 제외됩니다.",2026-04-08 13:22
22,AAP1483,유의사항,라이프스타일 패키지 (택1),유의사항,"스타벅스의 경우 사이렌 오더 결제건도 할인 혜택이 적용되며, 상품권 구매 및 선불카드 충전건은 제외됩니다.",,,,,,,,,,,"스타벅스의 경우 사이렌 오더 결제건도 할인 혜택이 적용되며, 상품권 구매 및 선불카드 충전건은 제외됩니다.",2026-04-08 13:22
23,AAP1483,유의사항,라이프스타일 패키지 (택1),유의사항,"전월 이용금액 산정 시, 할인 혜택이 적용된 이용금액(할인금액이 포함된 총 금액), 국세/지방세/공과금, 아파트 관리비, 대학 등록금, 대중교통, 택시, 상품권 구매, 선불카드 충전건은 제외됩니다.",,,,,,,,,,,"전월 이용금액 산정 시, 할인 혜택이 적용된 이용금액(할인금액이 포함된 총 금액), 국세/지방세/공과금, 아파트 관리비, 대학 등록금, 대중교통, 택시, 상품권 구매, 선불카드 충전건은 제외됩니다.",2026-04-08 13:22
24,AAP1483,유의사항,라이프스타일 패키지 (택1),유의사항,보너스클럽 이용 시 보너스포인트와 빅포인트 중 높은 적립률의 포인트가 적립됩니다.,,,,,,,,,,,보너스클럽 이용 시 보너스포인트와 빅포인트 중 높은 적립률의 포인트가 적립됩니다.,2026-04-08 13:22
25,AAP1483,유의사항,라이프스타일 패키지 (택1),유의사항,"빅포인트의 유효기간은 5년으로, 유효기간 만료 시 월 단위로 자동 소멸됩니다.",,,,,,,,,,,"빅포인트의 유효기간은 5년으로, 유효기간 만료 시 월 단위로 자동 소멸됩니다.",2026-04-08 13:22
26,AAP1483,유의사항,라이프스타일 패키지 (택1),유의사항,2014.4.30까지 적립된 빅포인트의 유효기간은 3년으로 적용됩니다.,,,,,,,,,,,2014.4.30까지 적립된 빅포인트의 유효기간은 3년으로 적용됩니다.,2026-04-08 13:22
27,AAP1483,혜택,옵션 패키지 자세히 보기,서비스안내,라이프스타일에 따른 옵션 패키지 선택 시 업종별 결제일할인(청구할인) 또는 빅포인트 적립,,Both,국내,서비스,,,,,,,라이프스타일에 따른 옵션 패키지 선택 시 업종별 결제일할인(청구할인) 또는 빅포인트 적립,2026-04-08 13:22
28,AAP1483,혜택,옵션 패키지 자세히 보기,서비스안내,패키지1 | 스타벅스50% 할인 | 오픈마켓7% 할인 | 소셜커머스1% 적립 | 트렌디숍1% 적립,커피/카페/베이커리,Both,국내,서비스,,,,,,,패키지1 | 스타벅스50% 할인 | 오픈마켓7% 할인 | 소셜커머스1% 적립 | 트렌디숍1% 적립,2026-04-08 13:22
29,AAP1483,혜택,옵션 패키지 자세히 보기,서비스안내,패키지2 | 스타벅스50% 할인 | 소셜커머스7% 할인 | 오픈마켓1% 적립 | 트렌디숍1% 적립,커피/카페/베이커리,Both,국내,서비스,,,,,,,패키지2 | 스타벅스50% 할인 | 소셜커머스7% 할인 | 오픈마켓1% 적립 | 트렌디숍1% 적립,2026-04-08 13:22
30,AAP1483,혜택,옵션 패키지 자세히 보기,서비스안내,패키지3 | 스타벅스50% 할인 | 트렌디숍7% 할인 | 오픈마켓1% 적립 | 소셜커머스1% 적립,커피/카페/베이커리,Both,국내,서비스,,,,,,,패키지3 | 스타벅스50% 할인 | 트렌디숍7% 할인 | 오픈마켓1% 적립 | 소셜커머스1% 적립,2026-04-08 13:22
31,AAP1483,혜택,옵션 패키지 자세히 보기,서비스안내,패키지4 | 커피전문점30% 할인 | 오픈마켓7% 할인 | 소셜커머스1% 적립 | 트렌디숍1% 적립,커피/카페/베이커리,Both,국내,서비스,,,,,,,패키지4 | 커피전문점30% 할인 | 오픈마켓7% 할인 | 소셜커머스1% 적립 | 트렌디숍1% 적립,2026-04-08 13:22
32,AAP1483,혜택,옵션 패키지 자세히 보기,서비스안내,패키지5 | 커피전문점30% 할인 | 소셜커머스7% 할인 | 오픈마켓1% 적립 | 트렌디숍1% 적립,커피/카페/베이커리,Both,국내,서비스,,,,,,,패키지5 | 커피전문점30% 할인 | 소셜커머스7% 할인 | 오픈마켓1% 적립 | 트렌디숍1% 적립,2026-04-08 13:22
33,AAP1483,혜택,옵션 패키지 자세히 보기,서비스안내,패키지6 | 커피전문점30% 할인 | 트렌디숍7% 할인 | 오픈마켓1% 적립 | 소셜커머스1% 적립,커피/카페/베이커리,Both,국내,서비스,,,,,,,패키지6 | 커피전문점30% 할인 | 트렌디숍7% 할인 | 오픈마켓1% 적립 | 소셜커머스1% 적립,2026-04-08 13:22
34,AAP1483,혜택,패키지 이용처,대상점,"스타벅스, 투썸플레이스, 카페베네, 탐앤탐스, 커피빈, 엔제리너스, 할리스, 파스쿠찌, 아티제, 폴 바셋",커피/카페/베이커리,Both,국내,서비스,,,"스타벅스, 투썸플레이스, 카페베네, 탐앤탐스, 커피빈, 엔제리너스, 할리스, 파스쿠찌, 아티제, 폴 바셋",,,,"스타벅스, 투썸플레이스, 카페베네, 탐앤탐스, 커피빈, 엔제리너스, 할리스, 파스쿠찌, 아티제, 폴 바셋",2026-04-08 13:22
35,AAP1483,혜택,패키지 이용처,대상점,"G마켓, 옥션, 11번가",온라인쇼핑,Online,국내,서비스,,,"G마켓, 옥션, 11번가",,,,"G마켓, 옥션, 11번가",2026-04-08 13:22
36,AAP1483,혜택,패키지 이용처,대상점,"쿠팡, 티몬, 위메프",온라인쇼핑,Online,국내,서비스,,,"쿠팡, 티몬, 위메프",,,,"쿠팡, 티몬, 위메프",2026-04-08 13:22
37,AAP1483,혜택,패키지 이용처,대상점,"편의점, 올리브영, 유니클로, 자라, H&M, 8SECONDS",패션/뷰티,Both,국내,서비스,,,"편의점, 올리브영, 유니클로, 자라, H&M, 8SECONDS",,,,"편의점, 올리브영, 유니클로, 자라, H&M, 8SECONDS",2026-04-08 13:22
38,AAP1483,혜택,대중교통·택시 할인,서비스안내,대중교통·택시 10% 결제일할인(청구할인),대중교통/택시,Offline,국내,할인,,,,,300000,,대중교통·택시 10% 결제일할인(청구할인),2026-04-08 13:22
39,AAP1483,혜택,대중교통·택시 할인,대상점,"대중교통 : 버스, 지하철(후불교통기능 선택 시 제공)",대중교통/택시,Offline,국내,할인,,,,,300000,,"대중교통 : 버스, 지하철(후불교통기능 선택 시 제공)",2026-04-08 13:22
40,AAP1483,유의사항,대중교통·택시 할인,유의사항,정상적으로 삼성카드에 접수된 금액 중 순서대로 결제일할인(청구할인)이 적용됩니다.,,,,,,,,,,,정상적으로 삼성카드에 접수된 금액 중 순서대로 결제일할인(청구할인)이 적용됩니다.,2026-04-08 13:22
41,AAP1483,유의사항,대중교통·택시 할인,유의사항,실제 카드 이용일이 아닌 이용대금 명세서 상 기재된 이용일 기준으로 제공됩니다.,,,,,,,,,,,실제 카드 이용일이 아닌 이용대금 명세서 상 기재된 이용일 기준으로 제공됩니다.,2026-04-08 13:22
42,AAP1483,유의사항,대중교통·택시 할인,유의사항,해당 카드 이용 시 카드 혜택 외 삼성카드의 다른 할인 및 적립 혜택은 제공되지 않습니다.,,,,,,,,,,,해당 카드 이용 시 카드 혜택 외 삼성카드의 다른 할인 및 적립 혜택은 제공되지 않습니다.,2026-04-08 13:22
43,AAP1483,유의사항,대중교통·택시 할인,유의사항,할인이 적용된 이용금액에 대해서는 포인트가 적립되지 않습니다.,,,,,,,,,,,할인이 적용된 이용금액에 대해서는 포인트가 적립되지 않습니다.,2026-04-08 13:22
44,AAP1483,유의사항,대중교통·택시 할인,유의사항,무이자할부 이용 시 할인 혜택은 적용되지 않습니다.,,,,,,,,,,,무이자할부 이용 시 할인 혜택은 적용되지 않습니다.,2026-04-08 13:22
45,AAP1483,유의사항,대중교통·택시 할인,유의사항,"전월 이용금액 산정 시, 할인 혜택이 적용된 이용금액(할인금액이 포함된 총 금액), 국세/지방세/공과금, 아파트 관리비, 대학 등록금, 대중교통, 택시, 상품권 구매, 선불카드 충전건은 제외됩니다.",,,,,,,,,,,"전월 이용금액 산정 시, 할인 혜택이 적용된 이용금액(할인금액이 포함된 총 금액), 국세/지방세/공과금, 아파트 관리비, 대학 등록금, 대중교통, 택시, 상품권 구매, 선불카드 충전건은 제외됩니다.",2026-04-08 13:22
46,AAP1483,할인기준,대중교통·택시 할인,이용조건,"할인한도 : 통합 월 5,000원",,,,,,,,,,,"할인한도 : 통합 월 5,000원",2026-04-08 13:22
47,AAP1483,할인기준,대중교통·택시 할인,이용조건,전월 일시불 및 할부 이용금액 30만원 이상 시 제공,,,,,,,,,300000,,전월 일시불 및 할부 이용금액 30만원 이상 시 제공,2026-04-08 13:22
48,AAP1483,할인기준,대중교통·택시 할인,이용조건,발급월+1개월까지는 전월 이용금액에 관계없이 제공,,,,,,,,,300000,,발급월+1개월까지는 전월 이용금액에 관계없이 제공,2026-04-08 13:22
49,AAP1483,유의사항,대중교통·택시 할인,유의사항,정상적으로 삼성카드에 접수된 금액 중 순서대로 결제일할인(청구할인)이 적용됩니다.,,,,,,,,,,,정상적으로 삼성카드에 접수된 금액 중 순서대로 결제일할인(청구할인)이 적용됩니다.,2026-04-08 13:22
50,AAP1483,유의사항,대중교통·택시 할인,유의사항,실제 카드 이용일이 아닌 이용대금 명세서 상 기재된 이용일 기준으로 제공됩니다.,,,,,,,,,,,실제 카드 이용일이 아닌 이용대금 명세서 상 기재된 이용일 기준으로 제공됩니다.,2026-04-08 13:22
51,AAP1483,유의사항,대중교통·택시 할인,유의사항,해당 카드 이용 시 카드 혜택 외 삼성카드의 다른 할인 및 적립 혜택은 제공되지 않습니다.,,,,,,,,,,,해당 카드 이용 시 카드 혜택 외 삼성카드의 다른 할인 및 적립 혜택은 제공되지 않습니다.,2026-04-08 13:22
52,AAP1483,유의사항,대중교통·택시 할인,유의사항,할인이 적용된 이용금액에 대해서는 포인트가 적립되지 않습니다.,,,,,,,,,,,할인이 적용된 이용금액에 대해서는 포인트가 적립되지 않습니다.,2026-04-08 13:22
53,AAP1483,유의사항,대중교통·택시 할인,유의사항,무이자할부 이용 시 할인 혜택은 적용되지 않습니다.,,,,,,,,,,,무이자할부 이용 시 할인 혜택은 적용되지 않습니다.,2026-04-08 13:22
54,AAP1483,유의사항,대중교통·택시 할인,유의사항,"전월 이용금액 산정 시, 할인 혜택이 적용된 이용금액(할인금액이 포함된 총 금액), 국세/지방세/공과금, 아파트 관리비, 대학 등록금, 대중교통, 택시, 상품권 구매, 선불카드 충전건은 제외됩니다.",,,,,,,,,,,"전월 이용금액 산정 시, 할인 혜택이 적용된 이용금액(할인금액이 포함된 총 금액), 국세/지방세/공과금, 아파트 관리비, 대학 등록금, 대중교통, 택시, 상품권 구매, 선불카드 충전건은 제외됩니다.",2026-04-08 13:22
55,AAP1483,혜택,이동통신 할인,서비스안내,SKT·KT·LG U+ 이동통신요금 자동납부 시 10% 결제일할인(청구할인),생활비_통신,Online,국내,할인,,,,,300000,,SKT·KT·LG U+ 이동통신요금 자동납부 시 10% 결제일할인(청구할인),2026-04-08 13:22
56,AAP1483,유의사항,이동통신 할인,유의사항,해당 카드 이용 시 카드 혜택 외 삼성카드의 다른 할인 및 적립 혜택은 제공되지 않습니다.,,,,,,,,,,,해당 카드 이용 시 카드 혜택 외 삼성카드의 다른 할인 및 적립 혜택은 제공되지 않습니다.,2026-04-08 13:22
57,AAP1483,유의사항,이동통신 할인,유의사항,할인이 적용된 이용금액에 대해서는 포인트가 적립되지 않습니다.,,,,,,,,,,,할인이 적용된 이용금액에 대해서는 포인트가 적립되지 않습니다.,2026-04-08 13:22
58,AAP1483,유의사항,이동통신 할인,유의사항,무이자할부 이용 시 할인 혜택은 적용되지 않습니다.,,,,,,,,,,,무이자할부 이용 시 할인 혜택은 적용되지 않습니다.,2026-04-08 13:22
59,AAP1483,유의사항,이동통신 할인,유의사항,"결합상품요금, 휴대전화 단말기 구매금액 및 대리점 카드 결제건은 제외됩니다.",,,,,,,,,,,"결합상품요금, 휴대전화 단말기 구매금액 및 대리점 카드 결제건은 제외됩니다.",2026-04-08 13:22
60,AAP1483,유의사항,이동통신 할인,유의사항,"전월 이용금액 산정 시, 할인 혜택이 적용된 이용금액(할인금액이 포함된 총 금액), 국세/지방세/공과금, 아파트 관리비, 대학 등록금, 대중교통, 택시, 상품권 구매, 선불카드 충전건은 제외됩니다.",,,,,,,,,,,"전월 이용금액 산정 시, 할인 혜택이 적용된 이용금액(할인금액이 포함된 총 금액), 국세/지방세/공과금, 아파트 관리비, 대학 등록금, 대중교통, 택시, 상품권 구매, 선불카드 충전건은 제외됩니다.",2026-04-08 13:22
61,AAP1483,할인기준,이동통신 할인,이용조건,"할인한도 : 월 5,000원",,,,,,,,,,,"할인한도 : 월 5,000원",2026-04-08 13:22
62,AAP1483,할인기준,이동통신 할인,이용조건,전월 일시불 및 할부 이용금액 30만원 이상 시 제공,,,,,,,,,300000,,전월 일시불 및 할부 이용금액 30만원 이상 시 제공,2026-04-08 13:22
63,AAP1483,할인기준,이동통신 할인,이용조건,발급월+1개월까지는 전월 이용금액에 관계없이 제공(카드 자동납부 연결 필수),,,,,,,,,300000,,발급월+1개월까지는 전월 이용금액에 관계없이 제공(카드 자동납부 연결 필수),2026-04-08 13:22
64,AAP1483,유의사항,이동통신 할인,유의사항,해당 카드 이용 시 카드 혜택 외 삼성카드의 다른 할인 및 적립 혜택은 제공되지 않습니다.,,,,,,,,,,,해당 카드 이용 시 카드 혜택 외 삼성카드의 다른 할인 및 적립 혜택은 제공되지 않습니다.,2026-04-08 13:22
65,AAP1483,유의사항,이동통신 할인,유의사항,할인이 적용된 이용금액에 대해서는 포인트가 적립되지 않습니다.,,,,,,,,,,,할인이 적용된 이용금액에 대해서는 포인트가 적립되지 않습니다.,2026-04-08 13:22
66,AAP1483,유의사항,이동통신 할인,유의사항,무이자할부 이용 시 할인 혜택은 적용되지 않습니다.,,,,,,,,,,,무이자할부 이용 시 할인 혜택은 적용되지 않습니다.,2026-04-08 13:22
67,AAP1483,유의사항,이동통신 할인,유의사항,"결합상품요금, 휴대전화 단말기 구매금액 및 대리점 카드 결제건은 제외됩니다.",,,,,,,,,,,"결합상품요금, 휴대전화 단말기 구매금액 및 대리점 카드 결제건은 제외됩니다.",2026-04-08 13:22
68,AAP1483,유의사항,이동통신 할인,유의사항,"전월 이용금액 산정 시, 할인 혜택이 적용된 이용금액(할인금액이 포함된 총 금액), 국세/지방세/공과금, 아파트 관리비, 대학 등록금, 대중교통, 택시, 상품권 구매, 선불카드 충전건은 제외됩니다.",,,,,,,,,,,"전월 이용금액 산정 시, 할인 혜택이 적용된 이용금액(할인금액이 포함된 총 금액), 국세/지방세/공과금, 아파트 관리비, 대학 등록금, 대중교통, 택시, 상품권 구매, 선불카드 충전건은 제외됩니다.",2026-04-08 13:22
69,AAP1483,혜택,CGV·롯데시네마 할인,서비스안내,"CGV 및 롯데시네마 영화 티켓 10,000원 이상 결제 시 5,000원 결제일할인(청구할인)",문화/엔터,Both,국내,할인,,,,,300000,,"CGV 및 롯데시네마 영화 티켓 10,000원 이상 결제 시 5,000원 결제일할인(청구할인)",2026-04-08 13:22
70,AAP1483,유의사항,CGV·롯데시네마 할인,유의사항,"현장 결제, 공식 홈페이지 및 앱을 통한 온라인 예매 시 제공됩니다.",,,,,,,,,,,"현장 결제, 공식 홈페이지 및 앱을 통한 온라인 예매 시 제공됩니다.",2026-04-08 13:22
71,AAP1483,유의사항,CGV·롯데시네마 할인,유의사항,예매 대행 사이트 이용 시 할인은 적용되지 않습니다.,,,,,,,,,,,예매 대행 사이트 이용 시 할인은 적용되지 않습니다.,2026-04-08 13:22
72,AAP1483,유의사항,CGV·롯데시네마 할인,유의사항,해당 카드 이용 시 카드 혜택 외 삼성카드의 다른 할인 및 적립 혜택은 제공되지 않습니다.,,,,,,,,,,,해당 카드 이용 시 카드 혜택 외 삼성카드의 다른 할인 및 적립 혜택은 제공되지 않습니다.,2026-04-08 13:22
73,AAP1483,유의사항,CGV·롯데시네마 할인,유의사항,할인이 적용된 이용금액에 대해서는 포인트가 적립되지 않습니다.,,,,,,,,,,,할인이 적용된 이용금액에 대해서는 포인트가 적립되지 않습니다.,2026-04-08 13:22
74,AAP1483,유의사항,CGV·롯데시네마 할인,유의사항,무이자할부 이용 시 할인 혜택은 적용되지 않습니다.,,,,,,,,,,,무이자할부 이용 시 할인 혜택은 적용되지 않습니다.,2026-04-08 13:22
75,AAP1483,유의사항,CGV·롯데시네마 할인,유의사항,"전월 이용금액 산정 시, 할인 혜택이 적용된 이용금액(할인금액이 포함된 총 금액), 국세/지방세/공과금, 아파트 관리비, 대학 등록금, 대중교통, 택시, 상품권 구매, 선불카드 충전건은 제외됩니다.",,,,,,,,,,,"전월 이용금액 산정 시, 할인 혜택이 적용된 이용금액(할인금액이 포함된 총 금액), 국세/지방세/공과금, 아파트 관리비, 대학 등록금, 대중교통, 택시, 상품권 구매, 선불카드 충전건은 제외됩니다.",2026-04-08 13:22
76,AAP1483,할인기준,CGV·롯데시네마 할인,이용조건,전월 일시불 및 할부 이용금액 30만원 이상 시 제공,,,,,,,,,300000,,전월 일시불 및 할부 이용금액 30만원 이상 시 제공,2026-04-08 13:22
77,AAP1483,할인기준,CGV·롯데시네마 할인,이용조건,발급월+1개월까지는 전월 이용금액에 관계없이 제공(연 12회 이용한도에 포함),,,,,,,,,300000,,발급월+1개월까지는 전월 이용금액에 관계없이 제공(연 12회 이용한도에 포함),2026-04-08 13:22
78,AAP1483,할인기준,CGV·롯데시네마 할인,이용조건,"통합 일 1회, 월 2회, 연 12회 제공(연 기준 : 1.1~12.31)",,,,,,,,,300000,,"통합 일 1회, 월 2회, 연 12회 제공(연 기준 : 1.1~12.31)",2026-04-08 13:22
79,AAP1483,유의사항,CGV·롯데시네마 할인,유의사항,"현장 결제, 공식 홈페이지 및 앱을 통한 온라인 예매 시 제공됩니다.",,,,,,,,,,,"현장 결제, 공식 홈페이지 및 앱을 통한 온라인 예매 시 제공됩니다.",2026-04-08 13:22
80,AAP1483,유의사항,CGV·롯데시네마 할인,유의사항,예매 대행 사이트 이용 시 할인은 적용되지 않습니다.,,,,,,,,,,,예매 대행 사이트 이용 시 할인은 적용되지 않습니다.,2026-04-08 13:22
81,AAP1483,유의사항,CGV·롯데시네마 할인,유의사항,해당 카드 이용 시 카드 혜택 외 삼성카드의 다른 할인 및 적립 혜택은 제공되지 않습니다.,,,,,,,,,,,해당 카드 이용 시 카드 혜택 외 삼성카드의 다른 할인 및 적립 혜택은 제공되지 않습니다.,2026-04-08 13:22
82,AAP1483,유의사항,CGV·롯데시네마 할인,유의사항,할인이 적용된 이용금액에 대해서는 포인트가 적립되지 않습니다.,,,,,,,,,,,할인이 적용된 이용금액에 대해서는 포인트가 적립되지 않습니다.,2026-04-08 13:22
83,AAP1483,유의사항,CGV·롯데시네마 할인,유의사항,무이자할부 이용 시 할인 혜택은 적용되지 않습니다.,,,,,,,,,,,무이자할부 이용 시 할인 혜택은 적용되지 않습니다.,2026-04-08 13:22
84,AAP1483,유의사항,CGV·롯데시네마 할인,유의사항,"전월 이용금액 산정 시, 할인 혜택이 적용된 이용금액(할인금액이 포함된 총 금액), 국세/지방세/공과금, 아파트 관리비, 대학 등록금, 대중교통, 택시, 상품권 구매, 선불카드 충전건은 제외됩니다.",,,,,,,,,,,"전월 이용금액 산정 시, 할인 혜택이 적용된 이용금액(할인금액이 포함된 총 금액), 국세/지방세/공과금, 아파트 관리비, 대학 등록금, 대중교통, 택시, 상품권 구매, 선불카드 충전건은 제외됩니다.",2026-04-08 13:22
85,AAP1483,혜택,해외 적립,서비스안내,"전월 이용금액에 관계없이, 적립한도 없이 해외 가맹점 및 해외 직접구매 이용건 1.3% 빅포인트 적립",해외결제,Both,해외,포인트적립,3,%,,"법인공용카드, 무이자할부, 다이어트할부, 삼성카드 할인이 적용된 일시불 및 할부 이용금액, 고용/산재보험 및 장애인 고용부담금, 국세/지방세/공과금, 대학 등록금, 대중교통, 택시, 고속버스(차내 단말기 및 고속버스 앱 결제), 고속도로 통행요금, 모바일 티머니, 선불카드 충전(삼성유포인트카드, 삼성전자 멤버십 BLUE 삼성선불카드, 삼성올앳카드 등), 이마트 이클럽, 문자알림서비스, 스마트오토서비스 이용금액은 제외",,,"전월 이용금액에 관계없이, 적립한도 없이 해외 가맹점 및 해외 직접구매 이용건 1.3% 빅포인트 적립",2026-04-08 13:22
86,AAP1483,유의사항,해외 적립,할인 제외 대상,"법인공용카드, 무이자할부, 다이어트할부, 삼성카드 할인이 적용된 일시불 및 할부 이용금액, 고용/산재보험 및 장애인 고용부담금, 국세/지방세/공과금, 대학 등록금, 대중교통, 택시, 고속버스(차내 단말기 및 고속버스 앱 결제), 고속도로 통행요금, 모바일 티머니, 선불카드 충전(삼성유포인트카드, 삼성전자 멤버십 BLUE 삼성선불카드, 삼성올앳카드 등), 이마트 이클럽, 문자알림서비스, 스마트오토서비스 이용금액은 제외",,,,,,,,,,,"법인공용카드, 무이자할부, 다이어트할부, 삼성카드 할인이 적용된 일시불 및 할부 이용금액, 고용/산재보험 및 장애인 고용부담금, 국세/지방세/공과금, 대학 등록금, 대중교통, 택시, 고속버스(차내 단말기 및 고속버스 앱 결제), 고속도로 통행요금, 모바일 티머니, 선불카드 충전(삼성유포인트카드, 삼성전자 멤버십 BLUE 삼성선불카드, 삼성올앳카드 등), 이마트 이클럽, 문자알림서비스, 스마트오토서비스 이용금액은 제외",2026-04-08 13:22
87,AAP1483,유의사항,해외 적립,유의사항,해외겸용카드에 한해 제공됩니다.,,,,,,,,,,,해외겸용카드에 한해 제공됩니다.,2026-04-08 13:22
88,AAP1483,유의사항,해외 적립,유의사항,해외 이용 시 별도의 수수료가 부과됩니다.자세한 내용은 연회비 안내 페이지 내 유의사항에서 확인 바랍니다.,,,,,,,,,,,해외 이용 시 별도의 수수료가 부과됩니다.자세한 내용은 연회비 안내 페이지 내 유의사항에서 확인 바랍니다.,2026-04-08 13:22
89,AAP1483,유의사항,해외 적립,유의사항,보너스클럽 이용 시 보너스포인트와 빅포인트 중 높은 적립률의 포인트가 적립됩니다.,,,,,,,,,,,보너스클럽 이용 시 보너스포인트와 빅포인트 중 높은 적립률의 포인트가 적립됩니다.,2026-04-08 13:22
90,AAP1483,유의사항,해외 적립,유의사항,"적립된 빅포인트는 보너스포인트, 서비스포인트, 멤버십리워즈와 합산하여 사용하실 수 있습니다.",,,,,,,,,,,"적립된 빅포인트는 보너스포인트, 서비스포인트, 멤버십리워즈와 합산하여 사용하실 수 있습니다.",2026-04-08 13:22
91,AAP1483,유의사항,해외 적립,유의사항,"빅포인트의 유효기간은 5년으로, 유효기간 만료 시 월 단위로 자동 소멸됩니다.",,,,,,,,,,,"빅포인트의 유효기간은 5년으로, 유효기간 만료 시 월 단위로 자동 소멸됩니다.",2026-04-08 13:22
92,AAP1483,유의사항,연회비,본인_해외겸용(Mastercard) 총연회비,본인 해외겸용(Mastercard) 총연회비: 10000원,,,,,,,,,,,본인 해외겸용(Mastercard) 총연회비: 10000원,2026-04-08 13:22
93,AAP1483,유의사항,연회비,본인_국내전용 총연회비,본인 국내전용 총연회비: 10000원,,,,,,,,,,,본인 국내전용 총연회비: 10000원,2026-04-08 13:22
94,AAP1483,유의사항,연회비,본인_해외겸용(Mastercard) 기본연회비,본인 해외겸용(Mastercard) 기본연회비: 7000원,,,,,,,,,,,본인 해외겸용(Mastercard) 기본연회비: 7000원,2026-04-08 13:22
95,AAP1483,유의사항,연회비,본인_국내전용 기본연회비,본인 국내전용 기본연회비: 7000원,,,,,,,,,,,본인 국내전용 기본연회비: 7000원,2026-04-08 13:22
96,AAP1483,유의사항,연회비,본인_해외겸용(Mastercard) 제휴연회비,본인 해외겸용(Mastercard) 제휴연회비: 3000원,,,,,,,,,,,본인 해외겸용(Mastercard) 제휴연회비: 3000원,2026-04-08 13:22
97,AAP1483,유의사항,연회비,본인_국내전용 제휴연회비,본인 국내전용 제휴연회비: 3000원,,,,,,,,,,,본인 국내전용 제휴연회비: 3000원,2026-04-08 13:22
98,AAP1483,유의사항,연회비,연회비 유의사항,연회비는 카드 발급일(발급 첫 해에는 카드 사용등록일)을 기준으로 매년 청구됩니다.,,,,,,,,,,,연회비는 카드 발급일(발급 첫 해에는 카드 사용등록일)을 기준으로 매년 청구됩니다.,2026-04-08 13:22
99,AAP1483,유의사항,연회비,연회비 유의사항,카드 발급일(발급 첫 해에는 카드 사용등록일)에 연회비가 청구되지 않은 경우 최초 이용일자 기준으로 해당 결제일에 청구됩니다.,,,,,,,,,,,카드 발급일(발급 첫 해에는 카드 사용등록일)에 연회비가 청구되지 않은 경우 최초 이용일자 기준으로 해당 결제일에 청구됩니다.,2026-04-08 13:22
100,AAP1483,유의사항,연회비,연회비 유의사항,매년 카드발급일을 기준으로 직전1년 이내 실적이 없는 경우 연회비는 청구되지 않습니다.,,,,,,,,,,,매년 카드발급일을 기준으로 직전1년 이내 실적이 없는 경우 연회비는 청구되지 않습니다.,2026-04-08 13:22
101,AAP1483,유의사항,연회비,연회비 유의사항,"재발급, 갱신 시에는 이전 카드의 카드 발급일을 기준으로 연회비가 청구됩니다.",,,,,,,,,,,"재발급, 갱신 시에는 이전 카드의 카드 발급일을 기준으로 연회비가 청구됩니다.",2026-04-08 13:22
102,AAP1483,유의사항,연회비,연회비 유의사항,연회비는 기본 연회비와 제휴 연회비로 구분됩니다.,,,,,,,,,,,연회비는 기본 연회비와 제휴 연회비로 구분됩니다.,2026-04-08 13:22
103,AAP1483,유의사항,연회비,연회비 유의사항,해당 카드 연회비(기본 연회비+제휴 연회비)는 카드별로 청구됩니다.,,,,,,,,,,,해당 카드 연회비(기본 연회비+제휴 연회비)는 카드별로 청구됩니다.,2026-04-08 13:22
104,AAP1483,유의사항,연회비,연회비 유의사항,"카드 중도 해지 시, 연회비 반환 금액은 회원이 카드사와 계약을 해지한 날부터 일 단위로 나누어 계산(카드 이용이 가능하게 된 날을 기준으로 계산)하여 반환됩니다. 카드의 발행, 배송 등 카드 발급에 소요된 비용(신규 가입연도에 해당)은 반환 금액에서 제외되며, 제휴 연회비가 있는 경우에는 카드 이용 시 제공되는 추가적인 혜택 등 부가 서비스 제공에 소요된 비용이 추가적으로 반환 금액에서 제외됩니다.",,,,,,,,,,,"카드 중도 해지 시, 연회비 반환 금액은 회원이 카드사와 계약을 해지한 날부터 일 단위로 나누어 계산(카드 이용이 가능하게 된 날을 기준으로 계산)하여 반환됩니다. 카드의 발행, 배송 등 카드 발급에 소요된 비용(신규 가입연도에 해당)은 반환 금액에서 제외되며, 제휴 연회비가 있는 경우에는 카드 이용 시 제공되는 추가적인 혜택 등 부가 서비스 제공에 소요된 비용이 추가적으로 반환 금액에서 제외됩니다.",2026-04-08 13:22
105,AAP1483,유의사항,연회비,연회비 유의사항,연회비 반환 금액은 계약을 해지한 날로부터 10일(영업일 기준) 이내에 반환해 드립니다. 부가 서비스 제공 내역 확인에 시간이 소요되는 등 불가피한 사유가 있을 때에는 계약을 해지한 날로부터 3개월 이내에 반환됩니다.,,,,,,,,,,,연회비 반환 금액은 계약을 해지한 날로부터 10일(영업일 기준) 이내에 반환해 드립니다. 부가 서비스 제공 내역 확인에 시간이 소요되는 등 불가피한 사유가 있을 때에는 계약을 해지한 날로부터 3개월 이내에 반환됩니다.,2026-04-08 13:22
106,AAP1483,유의사항,연회비,연회비 유의사항,"해외에서 카드 결제 시, 현지 통화가 아닌 원화로 결제하는 경우 해외원화결제서비스(DCC) 수수료가 추가로 발생할 수 있으므로 유의하시기 바랍니다.",,,,,,,,,,,"해외에서 카드 결제 시, 현지 통화가 아닌 원화로 결제하는 경우 해외원화결제서비스(DCC) 수수료가 추가로 발생할 수 있으므로 유의하시기 바랍니다.",2026-04-08 13:22
107,AAP1483,유의사항,연회비,연회비 유의사항,해외원화결제서비스(DCC) 차단방법 : 홈페이지(PC) 또는 앱 → 전체메뉴 → 고객센터 → 해외 이용 → 해외 이용 잠금 서비스,,,,,,,,,,,해외원화결제서비스(DCC) 차단방법 : 홈페이지(PC) 또는 앱 → 전체메뉴 → 고객센터 → 해외 이용 → 해외 이용 잠금 서비스,2026-04-08 13:22
108,AAP1483,유의사항,연회비,연회비 유의사항,"해외 이용 시(해외 사이트 거래 포함) 미화(USD) 기준 거래미화금액에 접수일의 우리은행 최초 고시 전신환매도율을 적용한 후, 국제브랜드사가 부과하는 브랜드사수수료(Mastercard 1.0%)와 삼성카드가 부과하는 해외이용수수료(0.2%)를 합산하여 원화로 청구됩니다.",,,,,,,,,,,"해외 이용 시(해외 사이트 거래 포함) 미화(USD) 기준 거래미화금액에 접수일의 우리은행 최초 고시 전신환매도율을 적용한 후, 국제브랜드사가 부과하는 브랜드사수수료(Mastercard 1.0%)와 삼성카드가 부과하는 해외이용수수료(0.2%)를 합산하여 원화로 청구됩니다.",2026-04-08 13:22
109,AAP1483,유의사항,연회비,연회비 유의사항,브랜드사수수료의 경우 국제브랜드사 정책에 따라 변경될 수 있습니다.,,,,,,,,,,,브랜드사수수료의 경우 국제브랜드사 정책에 따라 변경될 수 있습니다.,2026-04-08 13:22
110,AAP1483,유의사항,연회비,연회비 유의사항,해외 이용 시 청구금액 산출방법은 아래와 같습니다.,,,,,,,,,,,해외 이용 시 청구금액 산출방법은 아래와 같습니다.,2026-04-08 13:22
111,AAP1483,유의사항,연회비,연회비 유의사항,해외 이용 시 청구금액 = (거래미화금액 × 전신환매도율①) + 브랜드사수수료② + 해외이용수수료③ ① 전신환매도율 : 접수일의 우리은행 최초 고시 전신환매도율 ② 브랜드사수수료 = (거래미화금액 × 국제브랜드 이용 수수료율 1.0%) × 전신환매도율 ③ 해외이용수수료 = (거래미화금액 × 해외서비스 수수료율 0.2%) × 전신환매도율,,,,,,,,,,,해외 이용 시 청구금액 = (거래미화금액 × 전신환매도율①) + 브랜드사수수료② + 해외이용수수료③ ① 전신환매도율 : 접수일의 우리은행 최초 고시 전신환매도율 ② 브랜드사수수료 = (거래미화금액 × 국제브랜드 이용 수수료율 1.0%) × 전신환매도율 ③ 해외이용수수료 = (거래미화금액 × 해외서비스 수수료율 0.2%) × 전신환매도율,2026-04-08 13:22
1,AAP1452,혜택,KSP,KSP,"1,000원당 스카이패스 1 마일리지 적립",,Both,국내,서비스,,,,,,,"1,000원당 스카이패스 1 마일리지 적립",2026-04-08 13:22
2,AAP1452,혜택,KSP,KSP,"1,000원당 스카이패스 1 마일리지 추가 적립",,Both,국내,서비스,,,,,,,"1,000원당 스카이패스 1 마일리지 추가 적립",2026-04-08 13:22
3,AAP1452,혜택,컨택리스(비접촉) 결제 지원,카드이용TIP,카드 플레이트에 위의 아이콘이 있으신가요? 컨택리스 아이콘이 있는 가맹점이라면 단말기에 카드 터치만으로 결제 가능! 카드를 삽입하거나 긁을 필요 없이 결제하세요. 국내와 해외에서 어디서든 안전하고 편리하게 결제할 수 있어요.,,Both,국내,서비스,,,,,,,카드 플레이트에 위의 아이콘이 있으신가요? 컨택리스 아이콘이 있는 가맹점이라면 단말기에 카드 터치만으로 결제 가능! 카드를 삽입하거나 긁을 필요 없이 결제하세요. 국내와 해외에서 어디서든 안전하고 편리하게 결제할 수 있어요.,2026-04-08 13:22
4,AAP1452,혜택,스카이패스마일리지 적립,서비스안내,"모든 가맹점 이용금액 1,000원당 스카이패스 1 마일리지 기본 적립",항공,Both,국내,마일리지적립,,,,"빅포인트 적립 제외 대상, 삼성카드와 구매캐시백포인트 제공 계약을 체결한 일부 의약품/유류 구매한도 대금결제, 페이백서비스 등의 이용금액 / 빅포인트 적립 제외 대상 / 법인공용카드, 무이자할부, 다이어트할부, 삼성카드 할인이 적용된 일시불 및 할부 이용금액, 고용/산재보험 및 장애인 고용부담금, 국세/지방세/공과금, 대학 등록금, 대중교통, 택시, 고속버스(차내 단말기 및 고속버스 App 결제), 고속도로 통행요금, 선불카드 충전(삼성유포인트카드, 삼성전자 멤버십 BLUE 삼성선불카드, 삼성올앳카드 등), 휴대폰알림서비스(S.InfoCare), 스마트오토서비스, 이마트 이클럽 등의 이용금액 / 빅포인트 적립 제외 대상, 신규사업 등 삼성카드의 영업정책 및 기타 상황 변화에 따라 삼성카드가 정하여 홈페이지 등을 통해 사전에 게시하는 이용건 / 해당 카드는 택시 이용 시에도 마일리지 적립",,,"모든 가맹점 이용금액 1,000원당 스카이패스 1 마일리지 기본 적립",2026-04-08 13:22
5,AAP1452,할인기준,스카이패스마일리지 적립,이용조건,결제건당 삼성카드 접수금액 기준으로 마일리지 적립,,,,,,,,,,,결제건당 삼성카드 접수금액 기준으로 마일리지 적립,2026-04-08 13:22
6,AAP1452,할인기준,스카이패스마일리지 적립,이용조건,"결제금액을 1,000원으로 나눈 후 소수점 이하는 반올림하여 적립",,,,,1000,원,,,,,"결제금액을 1,000원으로 나눈 후 소수점 이하는 반올림하여 적립",2026-04-08 13:22
7,AAP1452,유의사항,스카이패스마일리지 적립,할인 제외 대상,"빅포인트 적립 제외 대상, 삼성카드와 구매캐시백포인트 제공 계약을 체결한 일부 의약품/유류 구매한도 대금결제, 페이백서비스 등의 이용금액",,,,,,,,,,,"빅포인트 적립 제외 대상, 삼성카드와 구매캐시백포인트 제공 계약을 체결한 일부 의약품/유류 구매한도 대금결제, 페이백서비스 등의 이용금액",2026-04-08 13:22
8,AAP1452,유의사항,스카이패스마일리지 적립,할인 제외 대상,빅포인트 적립 제외 대상,,,,,,,,,,,빅포인트 적립 제외 대상,2026-04-08 13:22
9,AAP1452,유의사항,스카이패스마일리지 적립,할인 제외 대상,"법인공용카드, 무이자할부, 다이어트할부, 삼성카드 할인이 적용된 일시불 및 할부 이용금액, 고용/산재보험 및 장애인 고용부담금, 국세/지방세/공과금, 대학 등록금, 대중교통, 택시, 고속버스(차내 단말기 및 고속버스 App 결제), 고속도로 통행요금, 선불카드 충전(삼성유포인트카드, 삼성전자 멤버십 BLUE 삼성선불카드, 삼성올앳카드 등), 휴대폰알림서비스(S.InfoCare), 스마트오토서비스, 이마트 이클럽 등의 이용금액",,,,,,,,,,,"법인공용카드, 무이자할부, 다이어트할부, 삼성카드 할인이 적용된 일시불 및 할부 이용금액, 고용/산재보험 및 장애인 고용부담금, 국세/지방세/공과금, 대학 등록금, 대중교통, 택시, 고속버스(차내 단말기 및 고속버스 App 결제), 고속도로 통행요금, 선불카드 충전(삼성유포인트카드, 삼성전자 멤버십 BLUE 삼성선불카드, 삼성올앳카드 등), 휴대폰알림서비스(S.InfoCare), 스마트오토서비스, 이마트 이클럽 등의 이용금액",2026-04-08 13:22
10,AAP1452,유의사항,스카이패스마일리지 적립,할인 제외 대상,"빅포인트 적립 제외 대상, 신규사업 등 삼성카드의 영업정책 및 기타 상황 변화에 따라 삼성카드가 정하여 홈페이지 등을 통해 사전에 게시하는 이용건",,,,,,,,,,,"빅포인트 적립 제외 대상, 신규사업 등 삼성카드의 영업정책 및 기타 상황 변화에 따라 삼성카드가 정하여 홈페이지 등을 통해 사전에 게시하는 이용건",2026-04-08 13:22
11,AAP1452,유의사항,스카이패스마일리지 적립,할인 제외 대상,해당 카드는 택시 이용 시에도 마일리지 적립,,,,,,,,,,,해당 카드는 택시 이용 시에도 마일리지 적립,2026-04-08 13:22
12,AAP1452,유의사항,스카이패스마일리지 적립,유의사항,해외겸용카드로 해외 이용 시에도 기본 적립이 적용됩니다.,,,,,,,,,,,해외겸용카드로 해외 이용 시에도 기본 적립이 적용됩니다.,2026-04-08 13:22
13,AAP1452,유의사항,스카이패스마일리지 적립,유의사항,해외 : 해외 가맹점 및 해외 직접구매 이용건,,,,,,,,,,,해외 : 해외 가맹점 및 해외 직접구매 이용건,2026-04-08 13:22
14,AAP1452,유의사항,스카이패스마일리지 적립,유의사항,결제건 접수 후 마일리지 적립까지 약 10일(영업일 기준) 정도 소요됩니다.,,,,,,,,,,,결제건 접수 후 마일리지 적립까지 약 10일(영업일 기준) 정도 소요됩니다.,2026-04-08 13:22
15,AAP1452,유의사항,스카이패스마일리지 적립,유의사항,적립된 마일리지는 기존 스카이패스 마일리지와 합산하여 사용 가능합니다.,,,,,,,,,,,적립된 마일리지는 기존 스카이패스 마일리지와 합산하여 사용 가능합니다.,2026-04-08 13:22
16,AAP1452,유의사항,스카이패스마일리지 적립,유의사항,적립된 마일리지의 사용방법 및 기준은 항공사 마일리지 사용 규정에 따릅니다.,,,,,,,,,,,적립된 마일리지의 사용방법 및 기준은 항공사 마일리지 사용 규정에 따릅니다.,2026-04-08 13:22
17,AAP1452,유의사항,스카이패스마일리지 적립,유의사항,자세한 내용은 항공사 홈페이지를 확인 바랍니다.,,,,,,,,,,,자세한 내용은 항공사 홈페이지를 확인 바랍니다.,2026-04-08 13:22
18,AAP1452,유의사항,스카이패스마일리지 적립,유의사항,삼성카드 가맹점 업종 분류 기준에 의한 등록 가맹점에 한합니다.,,,,,,,,,,,삼성카드 가맹점 업종 분류 기준에 의한 등록 가맹점에 한합니다.,2026-04-08 13:22
19,AAP1452,혜택,스카이패스 마일리지 추가 적립,서비스안내,"해외형 또는 국내형 선택 시 해당 옵션 적립처에 따라 1,000원당 스카이패스 2 마일리지 적립",항공,Both,국내,마일리지적립,,,,"빅포인트 적립 제외 대상, 삼성카드와 구매캐시백포인트 제공 계약을 체결한 일부 의약품/유류 구매한도 대금결제, 페이백서비스 등의 이용금액 / 빅포인트 적립 제외 대상 / 법인공용카드, 무이자할부, 다이어트할부, 삼성카드 할인이 적용된 일시불 및 할부 이용금액,고용/산재보험 및 장애인 고용부담금, 국세/지방세/공과금, 대학 등록금, 대중교통, 택시, 고속버스(차내 단말기 및 고속버스App 결제), 고속도로통행요금, 선불카드 충전(삼성유포인트카드,삼성전자 멤버십 BLUE 삼성선불카드,삼성올앳카드 등), 휴대폰알림서비스(S.InfoCare), 스마트오토서비스, 이마트 이클럽 등의 이용금액 / 빅포인트 적립 제외 대상 업종 및 삼성카드 신규사업에 대한 포인트 적립 제외 상세 내용은 삼성카드 홈페이지를 통해 확인",,,"해외형 또는 국내형 선택 시 해당 옵션 적립처에 따라 1,000원당 스카이패스 2 마일리지 적립",2026-04-08 13:22
20,AAP1452,할인기준,스카이패스 마일리지 추가 적립,이용조건,해외형 업종: 해외,,,,,,,,,,,해외형 업종: 해외,2026-04-08 13:22
21,AAP1452,할인기준,스카이패스 마일리지 추가 적립,이용조건,해외형 적립처: 해외 가맹점 및 해외 직접구매 이용건,,,,,,,,,,,해외형 적립처: 해외 가맹점 및 해외 직접구매 이용건,2026-04-08 13:22
22,AAP1452,할인기준,스카이패스 마일리지 추가 적립,이용조건,"해외형 통합 월 적립한도: 2,000 마일리지",,,,,2000,마일,,,,,"해외형 통합 월 적립한도: 2,000 마일리지",2026-04-08 13:22
23,AAP1452,할인기준,스카이패스 마일리지 추가 적립,이용조건,국내형 업종: 백화점,,,,,,,,,,,국내형 업종: 백화점,2026-04-08 13:22
24,AAP1452,할인기준,스카이패스 마일리지 추가 적립,이용조건,"국내형 적립처: 신세계·롯데·현대·갤러리아·동아·대구백화점,AK플라자,NC 대전유성점(백화점 내 일부 임대매장 및 식품매장 제외)",,,,,,,,,,,"국내형 적립처: 신세계·롯데·현대·갤러리아·동아·대구백화점,AK플라자,NC 대전유성점(백화점 내 일부 임대매장 및 식품매장 제외)",2026-04-08 13:22
25,AAP1452,할인기준,스카이패스 마일리지 추가 적립,이용조건,"국내형 통합 월 적립한도: 2,000 마일리지",,,,,2000,마일,,,,,"국내형 통합 월 적립한도: 2,000 마일리지",2026-04-08 13:22
26,AAP1452,할인기준,스카이패스 마일리지 추가 적립,이용조건,"주유 업종: SK에너지, GS칼텍스, 현대오일뱅크, S-OIL, 알뜰주유소 및 LPG충전소 등",,,,,,,,,,,"주유 업종: SK에너지, GS칼텍스, 현대오일뱅크, S-OIL, 알뜰주유소 및 LPG충전소 등",2026-04-08 13:22
27,AAP1452,할인기준,스카이패스 마일리지 추가 적립,이용조건,"커피 업종: 스타벅스, 카페베네, 커피빈, 할리스커피 등",,,,,,,,,,,"커피 업종: 스타벅스, 카페베네, 커피빈, 할리스커피 등",2026-04-08 13:22
28,AAP1452,할인기준,스카이패스 마일리지 추가 적립,이용조건,"편의점 업종: CU, GS25, 세븐일레븐 등",,,,,25,,,,,,"편의점 업종: CU, GS25, 세븐일레븐 등",2026-04-08 13:22
29,AAP1452,할인기준,스카이패스 마일리지 추가 적립,이용조건,택시 업종: 택시,,,,,,,,,,,택시 업종: 택시,2026-04-08 13:22
30,AAP1452,할인기준,스카이패스 마일리지 추가 적립,이용조건,"결제건당 삼성카드 접수금액 기준으로 마일리지가 적립되며, 결제금액을 1,000원으로 나눈 후 소수점 이하는 반올림하여 적립",,,,,1000,원,,,,,"결제건당 삼성카드 접수금액 기준으로 마일리지가 적립되며, 결제금액을 1,000원으로 나눈 후 소수점 이하는 반올림하여 적립",2026-04-08 13:22
31,AAP1452,할인기준,스카이패스 마일리지 추가 적립,이용조건,"예 : 11,400원 결제 시 22 마일리지 적립(기본 11 마일리지+추가 11 마일리지) 11,500원 결제 시 24 마일리지 적립(기본 12 마일리지+추가 12 마일리지) 300만원 결제 시 4,000 마일리지 적립(기본 3,000 마일리지+추가 1,000 마일리지)",,,,,1.14E+36,원,,,,,"예 : 11,400원 결제 시 22 마일리지 적립(기본 11 마일리지+추가 11 마일리지) 11,500원 결제 시 24 마일리지 적립(기본 12 마일리지+추가 12 마일리지) 300만원 결제 시 4,000 마일리지 적립(기본 3,000 마일리지+추가 1,000 마일리지)",2026-04-08 13:22
32,AAP1452,할인기준,스카이패스 마일리지 추가 적립,이용조건,해외형의 경우 해외 온라인 거래 시 국내 가맹점번호로 승인 처리되는 일부 결제건(국내 전자지급 결제 대행사를 통한 결제 등) 제외,,,,,,,,,,,해외형의 경우 해외 온라인 거래 시 국내 가맹점번호로 승인 처리되는 일부 결제건(국내 전자지급 결제 대행사를 통한 결제 등) 제외,2026-04-08 13:22
33,AAP1452,할인기준,스카이패스 마일리지 추가 적립,이용조건,해외형은 해외겸용카드에 한해 제공,,,,,,,,,,,해외형은 해외겸용카드에 한해 제공,2026-04-08 13:22
34,AAP1452,할인기준,스카이패스 마일리지 추가 적립,이용조건,해외 이용 시 별도의 수수료 부과. 자세한 내용은 연회비 안내 화면 내 ‘유의사항’에서 확인,,,,,.,,,,,,해외 이용 시 별도의 수수료 부과. 자세한 내용은 연회비 안내 화면 내 ‘유의사항’에서 확인,2026-04-08 13:22
35,AAP1452,할인기준,스카이패스 마일리지 추가 적립,이용조건,선택한 옵션에 대해서만 적립 적용,,,,,,,,,,,선택한 옵션에 대해서만 적립 적용,2026-04-08 13:22
36,AAP1452,할인기준,스카이패스 마일리지 추가 적립,이용조건,"적립 혜택은 카드 승인일 기준으로 적용. 단, 해외 이용 시 삼성카드에 접수된 현지 승인일 기준으로 적용",,,,,.,,,,,,"적립 혜택은 카드 승인일 기준으로 적용. 단, 해외 이용 시 삼성카드에 접수된 현지 승인일 기준으로 적용",2026-04-08 13:22
37,AAP1452,할인기준,스카이패스 마일리지 추가 적립,이용조건,"옵션은 삼성카드 홈페이지(PC, 모바일)·앱을 통해 매월 변경할 수 있으며, 변경 신청 다음 달 1일에 자동 반영",,,,,1,,,,,,"옵션은 삼성카드 홈페이지(PC, 모바일)·앱을 통해 매월 변경할 수 있으며, 변경 신청 다음 달 1일에 자동 반영",2026-04-08 13:22
38,AAP1452,할인기준,스카이패스 마일리지 추가 적립,이용조건,특별 적립은 ‘기본 1 마일리지+추가 1 마일리지’의 형태로 적립,,,,,,,,,,,특별 적립은 ‘기본 1 마일리지+추가 1 마일리지’의 형태로 적립,2026-04-08 13:22
39,AAP1452,할인기준,스카이패스 마일리지 추가 적립,이용조건,"통합 월 적립한도는 2,000 마일리지(적립한도 초과 시 기본 적립 적용)",,,,,,,,,,,"통합 월 적립한도는 2,000 마일리지(적립한도 초과 시 기본 적립 적용)",2026-04-08 13:22
40,AAP1452,할인기준,스카이패스 마일리지 추가 적립,이용조건,전월 이용금액에 관계없이 제공,,,,,,,,,,,전월 이용금액에 관계없이 제공,2026-04-08 13:22
41,AAP1452,유의사항,스카이패스 마일리지 추가 적립,유의사항,삼성카드 가맹점 업종 분류 기준에 의한 등록 가맹점에 한합니다.,,,,,,,,,,,삼성카드 가맹점 업종 분류 기준에 의한 등록 가맹점에 한합니다.,2026-04-08 13:22
42,AAP1452,유의사항,스카이패스 마일리지 추가 적립,유의사항,백화점 내 일부 임대매장 및 식품매장은 제외됩니다.,,,,,,,,,,,백화점 내 일부 임대매장 및 식품매장은 제외됩니다.,2026-04-08 13:22
43,AAP1452,유의사항,스카이패스 마일리지 추가 적립,유의사항,결제건 접수 후 마일리지 적립까지 약 10일(영업일 기준) 정도 소요됩니다.,,,,,,,,,,,결제건 접수 후 마일리지 적립까지 약 10일(영업일 기준) 정도 소요됩니다.,2026-04-08 13:22
44,AAP1452,유의사항,스카이패스 마일리지 추가 적립,유의사항,적립된 마일리지는 기존 스카이패스 마일리지와 합산하여 사용 가능합니다.,,,,,,,,,,,적립된 마일리지는 기존 스카이패스 마일리지와 합산하여 사용 가능합니다.,2026-04-08 13:22
45,AAP1452,유의사항,스카이패스 마일리지 추가 적립,유의사항,적립된 마일리지의 사용방법 및 기준은 항공사 마일리지 사용 규정을 따릅니다.,,,,,,,,,,,적립된 마일리지의 사용방법 및 기준은 항공사 마일리지 사용 규정을 따릅니다.,2026-04-08 13:22
46,AAP1452,유의사항,스카이패스 마일리지 추가 적립,유의사항,자세한 내용은 항공사 홈페이지를 확인 바랍니다.,,,,,,,,,,,자세한 내용은 항공사 홈페이지를 확인 바랍니다.,2026-04-08 13:22
47,AAP1452,유의사항,스카이패스 마일리지 추가 적립,할인 제외 대상,"빅포인트 적립 제외 대상, 삼성카드와 구매캐시백포인트 제공 계약을 체결한 일부 의약품/유류 구매한도 대금결제, 페이백서비스 등의 이용금액",,,,,,,,,,,"빅포인트 적립 제외 대상, 삼성카드와 구매캐시백포인트 제공 계약을 체결한 일부 의약품/유류 구매한도 대금결제, 페이백서비스 등의 이용금액",2026-04-08 13:22
48,AAP1452,유의사항,스카이패스 마일리지 추가 적립,할인 제외 대상,빅포인트 적립 제외 대상,,,,,,,,,,,빅포인트 적립 제외 대상,2026-04-08 13:22
49,AAP1452,유의사항,스카이패스 마일리지 추가 적립,할인 제외 대상,"법인공용카드, 무이자할부, 다이어트할부, 삼성카드 할인이 적용된 일시불 및 할부 이용금액,고용/산재보험 및 장애인 고용부담금, 국세/지방세/공과금, 대학 등록금, 대중교통, 택시, 고속버스(차내 단말기 및 고속버스App 결제), 고속도로통행요금, 선불카드 충전(삼성유포인트카드,삼성전자 멤버십 BLUE 삼성선불카드,삼성올앳카드 등), 휴대폰알림서비스(S.InfoCare), 스마트오토서비스, 이마트 이클럽 등의 이용금액",,,,,,,,,,,"법인공용카드, 무이자할부, 다이어트할부, 삼성카드 할인이 적용된 일시불 및 할부 이용금액,고용/산재보험 및 장애인 고용부담금, 국세/지방세/공과금, 대학 등록금, 대중교통, 택시, 고속버스(차내 단말기 및 고속버스App 결제), 고속도로통행요금, 선불카드 충전(삼성유포인트카드,삼성전자 멤버십 BLUE 삼성선불카드,삼성올앳카드 등), 휴대폰알림서비스(S.InfoCare), 스마트오토서비스, 이마트 이클럽 등의 이용금액",2026-04-08 13:22
50,AAP1452,유의사항,스카이패스 마일리지 추가 적립,할인 제외 대상,빅포인트 적립 제외 대상 업종 및 삼성카드 신규사업에 대한 포인트 적립 제외 상세 내용은 삼성카드 홈페이지를 통해 확인,,,,,,,,,,,빅포인트 적립 제외 대상 업종 및 삼성카드 신규사업에 대한 포인트 적립 제외 상세 내용은 삼성카드 홈페이지를 통해 확인,2026-04-08 13:22
51,AAP1452,유의사항,스카이패스 마일리지 추가 적립,할인 제외 대상,해당 카드는 택시 이용 시에도 마일리지 적립,,,,,,,,,,,해당 카드는 택시 이용 시에도 마일리지 적립,2026-04-08 13:22
52,AAP1452,혜택,아멕스 PLATINUM 등급 서비스,서비스안내,아멕스 프리미엄카드(PLATINUM) 회원에게 아멕스의 제휴사가 제공하는 서비스,,Both,국내,서비스,,,,,,,아멕스 프리미엄카드(PLATINUM) 회원에게 아멕스의 제휴사가 제공하는 서비스,2026-04-08 13:22
53,AAP1452,혜택,아멕스 PLATINUM 등급 서비스,서비스안내,아멕스 PLATINUM 등급 서비스 안내장 다운로드,,Both,국내,서비스,,,,,,,아멕스 PLATINUM 등급 서비스 안내장 다운로드,2026-04-08 13:22
54,AAP1452,혜택,아멕스 PLATINUM 등급 서비스,서비스안내,아멕스 PLATINUM 등급 서비스 안내장 다운로드,,Both,국내,서비스,,,,,,,아멕스 PLATINUM 등급 서비스 안내장 다운로드,2026-04-08 13:22
55,AAP1452,유의사항,아멕스 PLATINUM 등급 서비스,유의사항,국제 브랜드사 서비스 관련 자세한 내용은 아래 국제 브랜드사별 홈페이지를 통해 확인해 주세요.,,,,,,,,,,,국제 브랜드사 서비스 관련 자세한 내용은 아래 국제 브랜드사별 홈페이지를 통해 확인해 주세요.,2026-04-08 13:22
56,AAP1452,유의사항,아멕스 PLATINUM 등급 서비스,유의사항,VISA 바로가기 : www.visakorea.com,,,,,,,,,,,VISA 바로가기 : www.visakorea.com,2026-04-08 13:22
57,AAP1452,유의사항,아멕스 PLATINUM 등급 서비스,유의사항,Mastercard 바로가기 : www.mastercard.co.kr,,,,,,,,,,,Mastercard 바로가기 : www.mastercard.co.kr,2026-04-08 13:22
58,AAP1452,유의사항,아멕스 PLATINUM 등급 서비스,유의사항,아멕스 바로가기 : www.americanexpress.com,,,,,,,,,,,아멕스 바로가기 : www.americanexpress.com,2026-04-08 13:22
59,AAP1452,유의사항,아멕스 PLATINUM 등급 서비스,유의사항,UnionPay 바로가기 : www.unionpayintl.com/kr,,,,,,,,,,,UnionPay 바로가기 : www.unionpayintl.com/kr,2026-04-08 13:22
60,AAP1452,유의사항,아멕스 PLATINUM 등급 서비스,유의사항,"삼성카드 선택 서비스는 국제 브랜드사별 홈페이지 안내사항과 제공 내용(대상 카드, 제공횟수 및 전월 이용금액 조건, 대상점)이 다를 수 있으므로, 삼성카드에서 제공하는 국제 브랜드 서비스 안내장을 확인하시기 바랍니다.(국제 브랜드사별 홈페이지에 안내된 대상점이라 하더라도 삼성카드에서 안내된 대상점이 아닌 경우 서비스가 제공되지 않음)",,,,,,,,,,,"삼성카드 선택 서비스는 국제 브랜드사별 홈페이지 안내사항과 제공 내용(대상 카드, 제공횟수 및 전월 이용금액 조건, 대상점)이 다를 수 있으므로, 삼성카드에서 제공하는 국제 브랜드 서비스 안내장을 확인하시기 바랍니다.(국제 브랜드사별 홈페이지에 안내된 대상점이라 하더라도 삼성카드에서 안내된 대상점이 아닌 경우 서비스가 제공되지 않음)",2026-04-08 13:22
61,AAP1452,유의사항,아멕스 PLATINUM 등급 서비스,유의사항,"국제 브랜드사별 서비스 안내사항 중 대상 등급 서비스가 아닌 경우, 서비스 제공이 제한될 수 있습니다.",,,,,,,,,,,"국제 브랜드사별 서비스 안내사항 중 대상 등급 서비스가 아닌 경우, 서비스 제공이 제한될 수 있습니다.",2026-04-08 13:22
62,AAP1452,유의사항,아멕스 PLATINUM 등급 서비스,유의사항,"금융상품 이용 전 상품설명서, 홈페이지, 약관을 통해 이용조건을 확인 바랍니다.",,,,,,,,,,,"금융상품 이용 전 상품설명서, 홈페이지, 약관을 통해 이용조건을 확인 바랍니다.",2026-04-08 13:22
63,AAP1452,유의사항,아멕스 PLATINUM 등급 서비스,유의사항,등급서비스 : 여신금융협회 심의필 제 2025-C1a-12369호(2025.08.27),,,,,,,,,,,등급서비스 : 여신금융협회 심의필 제 2025-C1a-12369호(2025.08.27),2026-04-08 13:22
64,AAP1452,유의사항,아멕스 PLATINUM 등급 서비스,유의사항,선택서비스 : 여신금융협회 심의필 제 2025-C1a-12190호(2025.08.25),,,,,,,,,,,선택서비스 : 여신금융협회 심의필 제 2025-C1a-12190호(2025.08.25),2026-04-08 13:22
65,AAP1452,유의사항,연회비,본인_해외겸용 총 연회비,본인 해외겸용 총 연회비: 49000원,,,,,,,,,,,본인 해외겸용 총 연회비: 49000원,2026-04-08 13:22
66,AAP1452,유의사항,연회비,본인_국내전용 총 연회비,본인 국내전용 총 연회비: 47000원,,,,,,,,,,,본인 국내전용 총 연회비: 47000원,2026-04-08 13:22
67,AAP1452,유의사항,연회비,본인_해외겸용 기본 연회비,본인 해외겸용 기본 연회비: 7000원,,,,,,,,,,,본인 해외겸용 기본 연회비: 7000원,2026-04-08 13:22
68,AAP1452,유의사항,연회비,본인_국내전용 기본 연회비,본인 국내전용 기본 연회비: 7000원,,,,,,,,,,,본인 국내전용 기본 연회비: 7000원,2026-04-08 13:22
69,AAP1452,유의사항,연회비,본인_해외겸용 제휴 연회비,본인 해외겸용 제휴 연회비: 42000원,,,,,,,,,,,본인 해외겸용 제휴 연회비: 42000원,2026-04-08 13:22
70,AAP1452,유의사항,연회비,본인_국내전용 제휴 연회비,본인 국내전용 제휴 연회비: 40000원,,,,,,,,,,,본인 국내전용 제휴 연회비: 40000원,2026-04-08 13:22
71,AAP1452,유의사항,연회비,연회비 유의사항,연회비는 카드 발급일(발급 첫 해에는 카드 사용등록일)을 기준으로 매년 청구됩니다.,,,,,,,,,,,연회비는 카드 발급일(발급 첫 해에는 카드 사용등록일)을 기준으로 매년 청구됩니다.,2026-04-08 13:22
72,AAP1452,유의사항,연회비,연회비 유의사항,카드 발급일(발급 첫 해에는 카드 사용등록일)에 연회비가 청구되지 않은 경우 최초 이용일자 기준으로 해당 결제일에 청구됩니다.,,,,,,,,,,,카드 발급일(발급 첫 해에는 카드 사용등록일)에 연회비가 청구되지 않은 경우 최초 이용일자 기준으로 해당 결제일에 청구됩니다.,2026-04-08 13:22
73,AAP1452,유의사항,연회비,연회비 유의사항,매년 카드 발급일을 기준으로 직전 1년 이내 실적이 없는 경우 연회비가 청구되지 않습니다.,,,,,,,,,,,매년 카드 발급일을 기준으로 직전 1년 이내 실적이 없는 경우 연회비가 청구되지 않습니다.,2026-04-08 13:22
74,AAP1452,유의사항,연회비,연회비 유의사항,"재발급, 갱신 시에는 이전 카드의 카드 발급일을 기준으로 연회비가 청구됩니다.",,,,,,,,,,,"재발급, 갱신 시에는 이전 카드의 카드 발급일을 기준으로 연회비가 청구됩니다.",2026-04-08 13:22
75,AAP1452,유의사항,연회비,연회비 유의사항,연회비는 기본 연회비와 제휴 연회비로 구분됩니다.,,,,,,,,,,,연회비는 기본 연회비와 제휴 연회비로 구분됩니다.,2026-04-08 13:22
76,AAP1452,유의사항,연회비,연회비 유의사항,해당 카드 연회비(기본 연회비+제휴 연회비)는 카드별로 청구됩니다.,,,,,,,,,,,해당 카드 연회비(기본 연회비+제휴 연회비)는 카드별로 청구됩니다.,2026-04-08 13:22
77,AAP1452,유의사항,연회비,연회비 유의사항,"카드 중도 해지 시, 연회비 반환 금액은 회원이 카드사와 계약을 해지한 날부터 일 단위로 나누어 계산하여 반환됩니다. 카드의 발행, 배송 등 카드 발급에 소요된 비용(신규 가입연도에 해당)은 반환 금액에서 제외되며, 제휴 연회비가 있는 경우에는 카드 이용 시 제공되는 추가적인 혜택 등 부가 서비스 제공에 소요된 비용이 추가적으로 반환 금액에서 제외됩니다.",,,,,,,,,,,"카드 중도 해지 시, 연회비 반환 금액은 회원이 카드사와 계약을 해지한 날부터 일 단위로 나누어 계산하여 반환됩니다. 카드의 발행, 배송 등 카드 발급에 소요된 비용(신규 가입연도에 해당)은 반환 금액에서 제외되며, 제휴 연회비가 있는 경우에는 카드 이용 시 제공되는 추가적인 혜택 등 부가 서비스 제공에 소요된 비용이 추가적으로 반환 금액에서 제외됩니다.",2026-04-08 13:22
78,AAP1452,유의사항,연회비,연회비 유의사항,연회비 반환 금액은 계약을 해지한 날로부터 10일(영업일 기준) 이내에 반환해 드립니다. 부가 서비스 제공 내역 확인에 시간이 소요되는 등 불가피한 사유가 있을 때에는 계약을 해지한 날로부터 3개월 이내에 반환됩니다.,,,,,,,,,,,연회비 반환 금액은 계약을 해지한 날로부터 10일(영업일 기준) 이내에 반환해 드립니다. 부가 서비스 제공 내역 확인에 시간이 소요되는 등 불가피한 사유가 있을 때에는 계약을 해지한 날로부터 3개월 이내에 반환됩니다.,2026-04-08 13:22
79,AAP1452,유의사항,연회비,연회비 유의사항,"해외에서 카드 결제 시, 현지 통화가 아닌 원화로 결제하는 경우 해외원화결제서비스(DCC) 수수료가 추가로 발생할 수 있으므로 유의하시기 바랍니다. 해외원화결제서비스(DCC) 차단방법 : 홈페이지(PC) 또는 앱 → 전체메뉴 → 고객센터 → 해외 이용 → 해외 이용 잠금 서비스",,,,,,,,,,,"해외에서 카드 결제 시, 현지 통화가 아닌 원화로 결제하는 경우 해외원화결제서비스(DCC) 수수료가 추가로 발생할 수 있으므로 유의하시기 바랍니다. 해외원화결제서비스(DCC) 차단방법 : 홈페이지(PC) 또는 앱 → 전체메뉴 → 고객센터 → 해외 이용 → 해외 이용 잠금 서비스",2026-04-08 13:22
80,AAP1452,유의사항,연회비,연회비 유의사항,"해외 이용 시(해외 사이트 거래 포함) 미화(USD) 기준 거래미화금액에 접수일의 우리은행 최초 고시 전신환매도율을 적용한 후, 국제브랜드사가 부과하는 브랜드사수수료(아멕스 1.4%)와 삼성카드가 부과하는 해외이용수수료(0.2%)를 합산하여 원화로 청구됩니다. 브랜드사수수료의 경우 국제브랜드사 정책에 따라 변경될 수 있음",,,,,,,,,,,"해외 이용 시(해외 사이트 거래 포함) 미화(USD) 기준 거래미화금액에 접수일의 우리은행 최초 고시 전신환매도율을 적용한 후, 국제브랜드사가 부과하는 브랜드사수수료(아멕스 1.4%)와 삼성카드가 부과하는 해외이용수수료(0.2%)를 합산하여 원화로 청구됩니다. 브랜드사수수료의 경우 국제브랜드사 정책에 따라 변경될 수 있음",2026-04-08 13:22
81,AAP1452,유의사항,연회비,연회비 유의사항,해외 이용 시 청구금액 산출방법은 아래와 같습니다. 해외 이용 시 청구금액 = (거래미화금액 × 전신환매도율①) + 브랜드사수수료② + 해외이용수수료③ ① 전신환매도율 : 접수일의 우리은행 최초 고시 전신환매도율 ② 브랜드사수수료 = (거래미화금액 × 국제브랜드 이용 수수료율 1.4%) × 전신환매도율 ③ 해외이용수수료 = (거래미화금액 × 해외서비스 수수료율 0.2%) × 전신환매도율,,,,,,,,,,,해외 이용 시 청구금액 산출방법은 아래와 같습니다. 해외 이용 시 청구금액 = (거래미화금액 × 전신환매도율①) + 브랜드사수수료② + 해외이용수수료③ ① 전신환매도율 : 접수일의 우리은행 최초 고시 전신환매도율 ② 브랜드사수수료 = (거래미화금액 × 국제브랜드 이용 수수료율 1.4%) × 전신환매도율 ③ 해외이용수수료 = (거래미화금액 × 해외서비스 수수료율 0.2%) × 전신환매도율,2026-04-08 13:22
